urun,al_depo,al_yer,al_fiyat_tl_ton,sat_depo,sat_yer,sat_fiyat_tl_ton,mesafe_km,navlun_sabit_tl_ton,navlun_degisken_tl_ton,navlun_toplam_tl_ton,fiyat_farki_tl_ton,net_marj_tl_ton
"MISIR 2.SINIF","AŞIROĞULLARI LİDAŞ TARIM ÜRÜNLERİ LİSANSLI DEPOCULUK A.Ş.",KONYA/CBEYLİ,12200,"KOÇAKER LİDAŞ TARIM ÜRÜNLERİ LİSANSLI DEPOCULUK A.Ş.",KONYA/KARATAY,15000,1,164,4,167,2800,2633
"MISIR 2.SINIF","ANADOLU SELÇUKLU TARIM ÜRÜNLERİ LİSANSLI DEPOCULUK A.Ş.",KONYA/KPINAR,12230,"KOÇAKER LİDAŞ TARIM ÜRÜNLERİ LİSANSLI DEPOCULUK A.Ş.",KONYA/KARATAY,15000,1,164,4,167,2770,2602
"BUĞDAY EKMEKLİK KIRMIZI 2.SINIF","ALTINBİLEK TARIM ÜRÜNLERİ LİSANSLI DEPOCULUK A.Ş.",ESKİŞEHİR/ALPU,14417,"PTB TARIM ÜRÜNLERİ LİSANSLI DEPOCULUK A.Ş.",ANKARA/POLATLI,17500,135,164,408,572,3083,2511
"MISIR 2.SINIF","TAŞKIRAN LİDAŞ TARIM ÜRÜNLERİ LİSANSLI DEPOCULUK A.Ş.",KONYA/ÇUMRA,12313,"KOÇAKER LİDAŞ TARIM ÜRÜNLERİ LİSANSLI DEPOCULUK A.Ş.",KONYA/KARATAY,15000,54,164,163,327,2687,2360
"MISIR 2.SINIF","SAVRANLAR TARIM ÜRÜNLERİ LİSANSLI DEPOCULUK A.Ş.",AKSARAY/ESKİL,12200,"KOÇAKER LİDAŞ TARIM ÜRÜNLERİ LİSANSLI DEPOCULUK A.Ş.",KONYA/KARATAY,15000,129,164,390,554,2800,2246
"MISIR 2.SINIF","REKOLTE TARIM ÜRÜNLERİ LİSANSLI DEPOCULUK A.Ş.",KONYA/YUNAK,12200,"KOÇAKER LİDAŞ TARIM ÜRÜNLERİ LİSANSLI DEPOCULUK A.Ş.",KONYA/KARATAY,15000,148,164,447,611,2800,2189
"MISIR 2.SINIF","KENAN ECER TARIM ÜRÜNLERİ LİSANSLI DEPOCULUK A.Ş.",KONYA/EMİRGAZİ,12249,"KOÇAKER LİDAŞ TARIM ÜRÜNLERİ LİSANSLI DEPOCULUK A.Ş.",KONYA/KARATAY,15000,152,164,461,624,2751,2127
"BUĞDAY EKMEKLİK KIRMIZI 1.SINIF","EDİRNE TARIM ÜRÜNLERİ LİSANSLI DEPOCULUK A.Ş.",EDİRNE/MERKEZ,15378,"TMO TOBB TARIM ÜRÜNLERİ LİSANSLI DEPOCULUK SANAYİ VE TİCARET A.Ş.",EDİRNE/KEŞAN,18000,119,164,360,524,2622,2098
"MISIR 2.SINIF","REKOLTE TARIM ÜRÜNLERİ LİSANSLI DEPOCULUK A.Ş.",KONYA/YUNAK,12200,"ANADOLU SELÇUKLU TARIM ÜRÜNLERİ LİSANSLI DEPOCULUK A.Ş.",KONYA/YUNAK,14391,0,164,0,164,2191,2027
"BUĞDAY EKMEKLİK KIRMIZI 2.SINIF","ALTINAGRO TARIM ÜRÜNLERİ LİSANSLI DEPOCULUK A.Ş.",ADANA/CEYHAN,14000,"İSMAİL HAKAN BALTAOĞLU TARIM ÜRÜNLERİ LİSANSLI DEPOCULUK A.Ş.",KONYA/KPINAR,17400,401,164,1214,1377,3400,2023
"BUĞDAY EKMEKLİK KIRMIZI 2.SINIF","KAİNAT TARIM ÜRÜNLERİ LİSANSLI DEPOCULUK A.Ş.",KIRKLARELİ/PHİSAR,14600,"KAİNAT TARIM ÜRÜNLERİ LİSANSLI DEPOCULUK A.Ş.",TEKİRDAĞ/ERGENE,16939,67,164,203,366,2339,1973
"BUĞDAY EKMEKLİK KIRMIZI 2.SINIF","ALTINAGRO TARIM ÜRÜNLERİ LİSANSLI DEPOCULUK A.Ş.",ADANA/CEYHAN,14000,"ANADOLU SELÇUKLU TARIM ÜRÜNLERİ LİSANSLI DEPOCULUK A.Ş.",KONYA/KPINAR,17347,401,164,1214,1377,3347,1970
"BUĞDAY EKMEKLİK KIRMIZI 2.SINIF","ALTINAGRO TARIM ÜRÜNLERİ LİSANSLI DEPOCULUK A.Ş.",ADANA/CEYHAN,14000,"TOPRAK TARIM ÜRÜNLERİ LİSANSLI DEPOCULUK A.Ş.",KARAMAN/KKBEKIR,17000,287,164,868,1032,3000,1968
"BUĞDAY EKMEKLİK KIRMIZI 3.SINIF","ÖZAKAN TARIM ÜRÜNLERİ LİSANSLI DEPOCULUK A.Ş.",KONYA/CBEYLİ,14600,"ANADOLU SELÇUKLU TARIM ÜRÜNLERİ LİSANSLI DEPOCULUK A.Ş.",KONYA/KPINAR,16710,0,164,0,164,2110,1947
"MISIR 2.SINIF","KARAMAN TİCARET BORSASI TARIM ÜRÜNLERİ LİSANSLI DEPOCULUK A.Ş.",KARAMAN/MERKEZ,12282,"KOÇAKER LİDAŞ TARIM ÜRÜNLERİ LİSANSLI DEPOCULUK A.Ş.",KONYA/KARATAY,15000,202,164,612,776,2718,1942
"BUĞDAY EKMEKLİK KIRMIZI 2.SINIF","SÜPERSON TARIM ÜRÜNLERİ LİSANSLI DEPOCULUK A.Ş.",ANKARA/POLATLI,15405,"PTB TARIM ÜRÜNLERİ LİSANSLI DEPOCULUK A.Ş.",ANKARA/POLATLI,17500,0,164,0,164,2095,1931
"BUĞDAY EKMEKLİK KIRMIZI DÜŞÜK VASIFLI","ALTINBİLEK TARIM ÜRÜNLERİ LİSANSLI DEPOCULUK A.Ş.",ESKİŞEHİR/OPAZARI,12790,"PTB TARIM ÜRÜNLERİ LİSANSLI DEPOCULUK A.Ş.",ANKARA/POLATLI,15430,183,164,553,717,2640,1923
"BUĞDAY EKMEKLİK KIRMIZI 2.SINIF","ESLİDAŞ TARIM ÜRÜNLERİ LİSANSLI DEPOCULUK SANAYİ VE TİCARET A.Ş.",EDİRNE/UZKÖPRÜ,14639,"KAİNAT TARIM ÜRÜNLERİ LİSANSLI DEPOCULUK A.Ş.",TEKİRDAĞ/ERGENE,16939,84,164,253,417,2300,1883
"BUĞDAY EKMEKLİK KIRMIZI 2.SINIF","KAİNAT TARIM ÜRÜNLERİ LİSANSLI DEPOCULUK A.Ş.",KIRKLARELİ/PHİSAR,14600,"İMPAZ TARIM ÜRÜNLERİ LİSANSLI DEPOCULUK A.Ş.",TEKİRDAĞ/SPAŞA,16900,94,164,285,449,2300,1851
"BUĞDAY EKMEKLİK KIRMIZI 2.SINIF","ALTINBİLEK TARIM ÜRÜNLERİ LİSANSLI DEPOCULUK A.Ş.",ESKİŞEHİR/ALPU,14417,"İSMAİL HAKAN BALTAOĞLU TARIM ÜRÜNLERİ LİSANSLI DEPOCULUK A.Ş.",KONYA/KPINAR,17400,324,164,982,1145,2983,1837
"ARPA 2.SINIF","İSMAİL HAKAN BALTAOĞLU TARIM ÜRÜNLERİ LİSANSLI DEPOCULUK A.Ş.",KONYA/KPINAR,11125,"ANADOLU SELÇUKLU TARIM ÜRÜNLERİ LİSANSLI DEPOCULUK A.Ş.",KONYA/KPINAR,13120,0,164,0,164,1995,1831
"BUĞDAY EKMEKLİK KIRMIZI 2.SINIF","ALTINAGRO TARIM ÜRÜNLERİ LİSANSLI DEPOCULUK A.Ş.",ADANA/CEYHAN,14000,"ŞİMALA TARIM ÜRÜNLERİ LİSANSLI DEPOCULUK SANAYİ VE TİCARET A.Ş.",KONYA/KARATAY,17200,399,164,1210,1374,3200,1826
"BUĞDAY EKMEKLİK KIRMIZI 2.SINIF","EDİRNE TARIM ÜRÜNLERİ LİSANSLI DEPOCULUK A.Ş.",EDİRNE/MERKEZ,14705,"KAİNAT TARIM ÜRÜNLERİ LİSANSLI DEPOCULUK A.Ş.",TEKİRDAĞ/ERGENE,16939,84,164,253,417,2234,1817
"ARPA 2.SINIF","KUŞAT TARIM ÜRÜNLERİ LİSANSLI DEPOCULUK A.Ş.",KAYSERİ/FELAHİYE,10384,"ERC TARIM ÜRÜNLERİ LİSANSLI DEPOCULUK A.Ş.",KAYSERİ/PBAŞI,12499,54,164,164,327,2115,1788
"BUĞDAY EKMEKLİK KIRMIZI 2.SINIF","ALTINBİLEK TARIM ÜRÜNLERİ LİSANSLI DEPOCULUK A.Ş.",ESKİŞEHİR/ALPU,14417,"ANADOLU SELÇUKLU TARIM ÜRÜNLERİ LİSANSLI DEPOCULUK A.Ş.",KONYA/KPINAR,17347,324,164,982,1145,2930,1784
"BUĞDAY EKMEKLİK BEYAZ 1.SINIF","KAYA LİDAŞ TARIM ÜRÜNLERİ LİSANSLI DEPOCULUK A.Ş.",MERSİN/TARSUS,14123,"ŞİMŞEKLİ TARIM ÜRÜNLERİ LİSANSLI DEPOCULUK SANAYİ VE TİCARET A.Ş.",KONYA/KPINAR,17000,309,164,935,1098,2877,1779
"BUĞDAY EKMEKLİK KIRMIZI 2.SINIF","ALTINAGRO TARIM ÜRÜNLERİ LİSANSLI DEPOCULUK A.Ş.",ADANA/CEYHAN,14000,"KARAMAN TİCARET BORSASI TARIM ÜRÜNLERİ LİSANSLI DEPOCULUK A.Ş.",KARAMAN/MERKEZ,17000,351,164,1062,1226,3000,1774
"ARPA 2.SINIF","İSMAİL HAKAN BALTAOĞLU TARIM ÜRÜNLERİ LİSANSLI DEPOCULUK A.Ş.",KONYA/KPINAR,11125,"ANADOLU SELÇUKLU TARIM ÜRÜNLERİ LİSANSLI DEPOCULUK A.Ş.",KONYA/KARATAY,13036,1,164,4,167,1911,1743
"BUĞDAY EKMEKLİK KIRMIZI 2.SINIF","ESLİDAŞ TARIM ÜRÜNLERİ LİSANSLI DEPOCULUK SANAYİ VE TİCARET A.Ş.",EDİRNE/UZKÖPRÜ,14639,"İMPAZ TARIM ÜRÜNLERİ LİSANSLI DEPOCULUK A.Ş.",TEKİRDAĞ/SPAŞA,16900,127,164,385,548,2261,1713
"BUĞDAY EKMEKLİK KIRMIZI 1.SINIF","ESLİDAŞ TARIM ÜRÜNLERİ LİSANSLI DEPOCULUK SANAYİ VE TİCARET A.Ş.",EDİRNE/HAVSA,15837,"TMO TOBB TARIM ÜRÜNLERİ LİSANSLI DEPOCULUK SANAYİ VE TİCARET A.Ş.",EDİRNE/KEŞAN,18000,102,164,310,474,2163,1689
"ARPA 2.SINIF","KUŞAT TARIM ÜRÜNLERİ LİSANSLI DEPOCULUK A.Ş.",KAYSERİ/FELAHİYE,10384,"ALTUNTAŞ TARIM ÜRÜNLERİ LİSANSLI DEPOCULUK A.Ş.",AKSARAY/AĞAÇÖREN,12800,188,164,571,734,2416,1682
"BUĞDAY EKMEKLİK KIRMIZI 3.SINIF","DOĞA AKBULUT TARIM ÜRÜNLERİ LİSANSLI DEPOCULUK A.Ş.",AKSARAY/MERKEZ,14490,"ANADOLU SELÇUKLU TARIM ÜRÜNLERİ LİSANSLI DEPOCULUK A.Ş.",KONYA/KPINAR,16710,129,164,392,556,2220,1665
"BUĞDAY EKMEKLİK KIRMIZI 2.SINIF","ALTINAGRO TARIM ÜRÜNLERİ LİSANSLI DEPOCULUK A.Ş.",ADANA/CEYHAN,14000,"PTB TARIM ÜRÜNLERİ LİSANSLI DEPOCULUK A.Ş.",ANKARA/POLATLI,17500,557,164,1688,1852,3500,1648
"BUĞDAY EKMEKLİK KIRMIZI 2.SINIF","EDİRNE TARIM ÜRÜNLERİ LİSANSLI DEPOCULUK A.Ş.",EDİRNE/MERKEZ,14705,"İMPAZ TARIM ÜRÜNLERİ LİSANSLI DEPOCULUK A.Ş.",TEKİRDAĞ/SPAŞA,16900,127,164,385,548,2195,1646
"BUĞDAY MAKARNALIK 3.SINIF","GAP ŞANLIURFA TARIM ÜRÜNLERİ LİSANSLI DEPOCULUK A.Ş.",ŞANLIURFA/EYYÜBİYE,14612,"ÖZTAÇ TARIM ÜRÜNLERİ LİSANSLI DEPOCULUK A.Ş.",ŞANLIURFA/EYYÜBİYE,16419,0,164,0,164,1807,1644
"BUĞDAY EKMEKLİK KIRMIZI 2.SINIF","ALTINBİLEK TARIM ÜRÜNLERİ LİSANSLI DEPOCULUK A.Ş.",ESKİŞEHİR/ALPU,14417,"ŞİMALA TARIM ÜRÜNLERİ LİSANSLI DEPOCULUK SANAYİ VE TİCARET A.Ş.",KONYA/KARATAY,17200,325,164,984,1148,2783,1635
"MISIR 2.SINIF","AŞIROĞULLARI LİDAŞ TARIM ÜRÜNLERİ LİSANSLI DEPOCULUK A.Ş.",KONYA/CBEYLİ,12200,"ŞİMŞEKLİ TARIM ÜRÜNLERİ LİSANSLI DEPOCULUK SANAYİ VE TİCARET A.Ş.",KONYA/KPINAR,13991,0,164,0,164,1791,1628
"BUĞDAY EKMEKLİK KIRMIZI 3.SINIF","EDİRNE TARIM ÜRÜNLERİ LİSANSLI DEPOCULUK A.Ş.",EDİRNE/MERKEZ,13907,"TRAKYA EVREN TARIM ÜRÜNLERİ LİSANSLI DEPOCULUK A.Ş.",TEKİRDAĞ/SPAŞA,16073,127,164,385,548,2166,1618
"MISIR 1.SINIF","AĞALAR TARIM ÜRÜNLERİ LİSANSLI DEPOCULUK A.Ş.",KONYA/KARATAY,12200,"ŞİMALA TARIM ÜRÜNLERİ LİSANSLI DEPOCULUK SANAYİ VE TİCARET A.Ş.",KONYA/ÇUMRA,14143,54,164,163,327,1943,1617
"MISIR 1.SINIF","TEAM TARIM ÜRÜNLERİ LİSANSLI DEPOCULUK A.Ş.",KONYA/KPINAR,12200,"ŞİMALA TARIM ÜRÜNLERİ LİSANSLI DEPOCULUK SANAYİ VE TİCARET A.Ş.",KONYA/ÇUMRA,14143,55,164,166,330,1943,1614
"MISIR 1.SINIF","YUSUF ZENGİN TARIM ÜRÜNLERİ LİSANSLI DEPOCULUK A.Ş.",KONYA/KPINAR,12200,"ŞİMALA TARIM ÜRÜNLERİ LİSANSLI DEPOCULUK SANAYİ VE TİCARET A.Ş.",KONYA/ÇUMRA,14143,55,164,166,330,1943,1614
"MISIR 1.SINIF","ANADOLU SELÇUKLU TARIM ÜRÜNLERİ LİSANSLI DEPOCULUK A.Ş.",KONYA/KPINAR,12200,"ŞİMALA TARIM ÜRÜNLERİ LİSANSLI DEPOCULUK SANAYİ VE TİCARET A.Ş.",KONYA/ÇUMRA,14143,55,164,166,330,1943,1614
"MISIR 2.SINIF","ANADOLU SELÇUKLU TARIM ÜRÜNLERİ LİSANSLI DEPOCULUK A.Ş.",KONYA/KPINAR,12230,"ŞİMŞEKLİ TARIM ÜRÜNLERİ LİSANSLI DEPOCULUK SANAYİ VE TİCARET A.Ş.",KONYA/KPINAR,13991,0,164,0,164,1761,1597
"MISIR 2.SINIF","TAŞKIRAN LİDAŞ TARIM ÜRÜNLERİ LİSANSLI DEPOCULUK A.Ş.",KONYA/ÇUMRA,12313,"TOPRAK TARIM ÜRÜNLERİ LİSANSLI DEPOCULUK A.Ş.",KARAMAN/KKBEKIR,14319,85,164,258,422,2006,1584
"MISIR 2.SINIF","AŞIROĞULLARI LİDAŞ TARIM ÜRÜNLERİ LİSANSLI DEPOCULUK A.Ş.",KONYA/CBEYLİ,12200,"ANADOLU SELÇUKLU TARIM ÜRÜNLERİ LİSANSLI DEPOCULUK A.Ş.",KONYA/YUNAK,14391,147,164,445,609,2191,1582
"MISIR 2.SINIF","TAŞKIRAN LİDAŞ TARIM ÜRÜNLERİ LİSANSLI DEPOCULUK A.Ş.",KONYA/ÇUMRA,12313,"ANADOLU SELÇUKLU TARIM ÜRÜNLERİ LİSANSLI DEPOCULUK A.Ş.",KONYA/ÇUMRA,14055,0,164,0,164,1741,1578
"MISIR 2.SINIF","ANADOLU SELÇUKLU TARIM ÜRÜNLERİ LİSANSLI DEPOCULUK A.Ş.",KONYA/KPINAR,12230,"ANADOLU SELÇUKLU TARIM ÜRÜNLERİ LİSANSLI DEPOCULUK A.Ş.",KONYA/YUNAK,14391,147,164,445,609,2161,1552
"MISIR 2.SINIF","KENAN ECER TARIM ÜRÜNLERİ LİSANSLI DEPOCULUK A.Ş.",KONYA/EMİRGAZİ,12249,"TOPRAK TARIM ÜRÜNLERİ LİSANSLI DEPOCULUK A.Ş.",KARAMAN/KKBEKIR,14319,119,164,361,525,2070,1546
"MISIR 1.SINIF","TOPRAK TARIM ÜRÜNLERİ LİSANSLI DEPOCULUK A.Ş.",KONYA/KHANI,12275,"ŞİMALA TARIM ÜRÜNLERİ LİSANSLI DEPOCULUK SANAYİ VE TİCARET A.Ş.",KONYA/ÇUMRA,14143,55,164,166,330,1868,1538
"MISIR 2.SINIF","AŞIROĞULLARI LİDAŞ TARIM ÜRÜNLERİ LİSANSLI DEPOCULUK A.Ş.",KONYA/CBEYLİ,12200,"TOPRAK TARIM ÜRÜNLERİ LİSANSLI DEPOCULUK A.Ş.",KARAMAN/KKBEKIR,14319,139,164,422,586,2119,1533
"MISIR 2.SINIF","KARAMAN TİCARET BORSASI TARIM ÜRÜNLERİ LİSANSLI DEPOCULUK A.Ş.",KARAMAN/MERKEZ,12282,"TOPRAK TARIM ÜRÜNLERİ LİSANSLI DEPOCULUK A.Ş.",KARAMAN/KKBEKIR,14319,112,164,341,504,2036,1532
"MISIR 2.SINIF","AŞIROĞULLARI LİDAŞ TARIM ÜRÜNLERİ LİSANSLI DEPOCULUK A.Ş.",KONYA/CBEYLİ,12200,"ANADOLU SELÇUKLU TARIM ÜRÜNLERİ LİSANSLI DEPOCULUK A.Ş.",KONYA/ÇUMRA,14055,55,164,166,330,1855,1525
"BUĞDAY MAKARNALIK 3.SINIF","GAP ŞANLIURFA TARIM ÜRÜNLERİ LİSANSLI DEPOCULUK A.Ş.",ŞANLIURFA/EYYÜBİYE,14612,"MARDİN ÖZLER TARIM ÜRÜNLERİ LİSANSLI DEPOCULUK A.Ş.",ŞANLIURFA/VŞEHİR,16395,34,164,102,266,1783,1517
"MISIR 2.SINIF","SAVRANLAR TARIM ÜRÜNLERİ LİSANSLI DEPOCULUK A.Ş.",AKSARAY/ESKİL,12200,"ANADOLU SELÇUKLU TARIM ÜRÜNLERİ LİSANSLI DEPOCULUK A.Ş.",KONYA/YUNAK,14391,169,164,512,676,2191,1515
"MISIR 1.SINIF","TEAM TARIM ÜRÜNLERİ LİSANSLI DEPOCULUK A.Ş.",KONYA/KPINAR,12200,"ŞİMŞEKLİ TARIM ÜRÜNLERİ LİSANSLI DEPOCULUK SANAYİ VE TİCARET A.Ş.",KONYA/KPINAR,13868,0,164,0,164,1668,1504
"MISIR 1.SINIF","YUSUF ZENGİN TARIM ÜRÜNLERİ LİSANSLI DEPOCULUK A.Ş.",KONYA/KPINAR,12200,"ŞİMŞEKLİ TARIM ÜRÜNLERİ LİSANSLI DEPOCULUK SANAYİ VE TİCARET A.Ş.",KONYA/KPINAR,13868,0,164,0,164,1668,1504
"MISIR 1.SINIF","ANADOLU SELÇUKLU TARIM ÜRÜNLERİ LİSANSLI DEPOCULUK A.Ş.",KONYA/KPINAR,12200,"ŞİMŞEKLİ TARIM ÜRÜNLERİ LİSANSLI DEPOCULUK SANAYİ VE TİCARET A.Ş.",KONYA/KPINAR,13868,0,164,0,164,1668,1504
"MISIR 2.SINIF","ANADOLU SELÇUKLU TARIM ÜRÜNLERİ LİSANSLI DEPOCULUK A.Ş.",KONYA/KPINAR,12230,"TOPRAK TARIM ÜRÜNLERİ LİSANSLI DEPOCULUK A.Ş.",KARAMAN/KKBEKIR,14319,139,164,422,586,2089,1503
"MISIR 1.SINIF","AĞALAR TARIM ÜRÜNLERİ LİSANSLI DEPOCULUK A.Ş.",KONYA/KARATAY,12200,"ŞİMŞEKLİ TARIM ÜRÜNLERİ LİSANSLI DEPOCULUK SANAYİ VE TİCARET A.Ş.",KONYA/KPINAR,13868,1,164,4,167,1668,1500
"MISIR 2.SINIF","ANADOLU SELÇUKLU TARIM ÜRÜNLERİ LİSANSLI DEPOCULUK A.Ş.",KONYA/KPINAR,12230,"ANADOLU SELÇUKLU TARIM ÜRÜNLERİ LİSANSLI DEPOCULUK A.Ş.",KONYA/ÇUMRA,14055,55,164,166,330,1824,1495
"ARPA 2.SINIF","İSMAİL HAKAN BALTAOĞLU TARIM ÜRÜNLERİ LİSANSLI DEPOCULUK A.Ş.",KONYA/KPINAR,11125,"YUSUF ZENGİN TARIM ÜRÜNLERİ LİSANSLI DEPOCULUK A.Ş.",KONYA/KPINAR,12763,0,164,0,164,1638,1474
"MISIR 1.SINIF","İSMAİL HAKAN BALTAOĞLU TARIM ÜRÜNLERİ LİSANSLI DEPOCULUK A.Ş.",KONYA/KPINAR,12349,"ŞİMALA TARIM ÜRÜNLERİ LİSANSLI DEPOCULUK SANAYİ VE TİCARET A.Ş.",KONYA/ÇUMRA,14143,55,164,166,330,1795,1465
"ARPA 2.SINIF","İSMAİL HAKAN BALTAOĞLU TARIM ÜRÜNLERİ LİSANSLI DEPOCULUK A.Ş.",KONYA/KPINAR,11125,"TOPRAK TARIM ÜRÜNLERİ LİSANSLI DEPOCULUK A.Ş.",KONYA/KHANI,12746,0,164,0,164,1621,1458
"BUĞDAY EKMEKLİK KIRMIZI 2.SINIF","MİLL STAR LİDAŞ TARIM ÜRÜNLERİ LİSANSLI DEPOCULUK A.Ş.",KONYA/ÇELTİK,15624,"PTB TARIM ÜRÜNLERİ LİSANSLI DEPOCULUK A.Ş.",ANKARA/POLATLI,17500,91,164,275,438,1876,1438
"MISIR 1.SINIF","TAŞKIRAN LİDAŞ TARIM ÜRÜNLERİ LİSANSLI DEPOCULUK A.Ş.",KONYA/ÇUMRA,12545,"ŞİMALA TARIM ÜRÜNLERİ LİSANSLI DEPOCULUK SANAYİ VE TİCARET A.Ş.",KONYA/ÇUMRA,14143,0,164,0,164,1598,1435
"BUĞDAY EKMEKLİK KIRMIZI 3.SINIF","ÖZAKAN TARIM ÜRÜNLERİ LİSANSLI DEPOCULUK A.Ş.",KONYA/CBEYLİ,14600,"ŞİMALA TARIM ÜRÜNLERİ LİSANSLI DEPOCULUK SANAYİ VE TİCARET A.Ş.",KONYA/KARATAY,16200,1,164,4,167,1600,1433
"MISIR 1.SINIF","TOPRAK TARIM ÜRÜNLERİ LİSANSLI DEPOCULUK A.Ş.",KONYA/KHANI,12275,"ŞİMŞEKLİ TARIM ÜRÜNLERİ LİSANSLI DEPOCULUK SANAYİ VE TİCARET A.Ş.",KONYA/KPINAR,13868,0,164,0,164,1592,1429
"MISIR 1.SINIF","AĞALAR TARIM ÜRÜNLERİ LİSANSLI DEPOCULUK A.Ş.",KONYA/KARATAY,12200,"KAİNAT TARIM ÜRÜNLERİ LİSANSLI DEPOCULUK A.Ş.",KARAMAN/MERKEZ,14400,202,164,612,776,2200,1424
"MISIR 1.SINIF","TEAM TARIM ÜRÜNLERİ LİSANSLI DEPOCULUK A.Ş.",KONYA/KPINAR,12200,"KAİNAT TARIM ÜRÜNLERİ LİSANSLI DEPOCULUK A.Ş.",KARAMAN/MERKEZ,14400,203,164,614,777,2200,1423
"MISIR 1.SINIF","YUSUF ZENGİN TARIM ÜRÜNLERİ LİSANSLI DEPOCULUK A.Ş.",KONYA/KPINAR,12200,"KAİNAT TARIM ÜRÜNLERİ LİSANSLI DEPOCULUK A.Ş.",KARAMAN/MERKEZ,14400,203,164,614,777,2200,1423
"MISIR 1.SINIF","ANADOLU SELÇUKLU TARIM ÜRÜNLERİ LİSANSLI DEPOCULUK A.Ş.",KONYA/KPINAR,12200,"KAİNAT TARIM ÜRÜNLERİ LİSANSLI DEPOCULUK A.Ş.",KARAMAN/MERKEZ,14400,203,164,614,777,2200,1423
"BUĞDAY EKMEKLİK KIRMIZI 2.SINIF","ALTINAGRO TARIM ÜRÜNLERİ LİSANSLI DEPOCULUK A.Ş.",ADANA/CEYHAN,14000,"ŞİMŞEKLİ TARIM ÜRÜNLERİ LİSANSLI DEPOCULUK SANAYİ VE TİCARET A.Ş.",KONYA/KPINAR,16800,401,164,1214,1377,2800,1423
"MISIR 2.SINIF","SAVRANLAR TARIM ÜRÜNLERİ LİSANSLI DEPOCULUK A.Ş.",AKSARAY/ESKİL,12200,"TOPRAK TARIM ÜRÜNLERİ LİSANSLI DEPOCULUK A.Ş.",KARAMAN/KKBEKIR,14319,177,164,536,699,2119,1420
"MISIR 1.SINIF","HİKMET ŞEFLEK TARIM ÜRÜNLERİ LİSANSLI DEPOCULUK A.Ş.",KONYA/SARAYÖNÜ,12241,"ŞİMALA TARIM ÜRÜNLERİ LİSANSLI DEPOCULUK SANAYİ VE TİCARET A.Ş.",KONYA/ÇUMRA,14143,108,164,327,491,1903,1412
"BUĞDAY EKMEKLİK KIRMIZI 3.SINIF","SÜPERSON TARIM ÜRÜNLERİ LİSANSLI DEPOCULUK A.Ş.",ANKARA/POLATLI,14587,"PTB TARIM ÜRÜNLERİ LİSANSLI DEPOCULUK A.Ş.",ANKARA/POLATLI,16148,0,164,0,164,1561,1397
"ARPA 2.SINIF","KUŞAT TARIM ÜRÜNLERİ LİSANSLI DEPOCULUK A.Ş.",KAYSERİ/FELAHİYE,10384,"ANADOLU SELÇUKLU TARIM ÜRÜNLERİ LİSANSLI DEPOCULUK A.Ş.",KONYA/KPINAR,13120,390,164,1181,1345,2736,1391
"MISIR 1.SINIF","HİKMET ŞEFLEK TARIM ÜRÜNLERİ LİSANSLI DEPOCULUK A.Ş.",KONYA/SARAYÖNÜ,12241,"KAHVECİ AGRO TARIM ÜRÜNLERİ LİSANSLI DEPOCULUK SANAYİ TİCARET A.Ş.",KONYA/SARAYÖNÜ,13780,0,164,0,164,1539,1376
"MISIR 1.SINIF","ATARLAR TARIM ÜRÜNLERİ LİSANSLI DEPOCULUK A.Ş.",AKSARAY/ESKİL,12200,"ŞİMALA TARIM ÜRÜNLERİ LİSANSLI DEPOCULUK SANAYİ VE TİCARET A.Ş.",KONYA/ÇUMRA,14143,140,164,423,587,1943,1357
"MISIR 1.SINIF","İSMAİL HAKAN BALTAOĞLU TARIM ÜRÜNLERİ LİSANSLI DEPOCULUK A.Ş.",KONYA/KPINAR,12349,"ŞİMŞEKLİ TARIM ÜRÜNLERİ LİSANSLI DEPOCULUK SANAYİ VE TİCARET A.Ş.",KONYA/KPINAR,13868,0,164,0,164,1519,1355
"MISIR 2.SINIF","TAŞKIRAN LİDAŞ TARIM ÜRÜNLERİ LİSANSLI DEPOCULUK A.Ş.",KONYA/ÇUMRA,12313,"ŞİMŞEKLİ TARIM ÜRÜNLERİ LİSANSLI DEPOCULUK SANAYİ VE TİCARET A.Ş.",KONYA/KPINAR,13991,55,164,166,330,1678,1348
"MISIR 1.SINIF","TOPRAK TARIM ÜRÜNLERİ LİSANSLI DEPOCULUK A.Ş.",KONYA/KHANI,12275,"KAİNAT TARIM ÜRÜNLERİ LİSANSLI DEPOCULUK A.Ş.",KARAMAN/MERKEZ,14400,203,164,614,777,2125,1347
"BUĞDAY MAKARNALIK DÜŞÜK VASIFLI","KUŞAT TARIM ÜRÜNLERİ LİSANSLI DEPOCULUK A.Ş.",KAYSERİ/FELAHİYE,13250,"GAP ŞANLIURFA TARIM ÜRÜNLERİ LİSANSLI DEPOCULUK A.Ş.",ŞANLIURFA/EYYÜBİYE,16127,461,164,1396,1560,2877,1317
"BUĞDAY EKMEKLİK KIRMIZI 2.SINIF","LÜLEBURGAZ TARIM ÜRÜNLERİ LİSANSLI DEPOCULUK A.Ş.",KIRKLARELİ/LBURGAZ,15259,"KAİNAT TARIM ÜRÜNLERİ LİSANSLI DEPOCULUK A.Ş.",TEKİRDAĞ/ERGENE,16939,67,164,203,366,1680,1313
"ARPA 2.SINIF","KUŞAT TARIM ÜRÜNLERİ LİSANSLI DEPOCULUK A.Ş.",KAYSERİ/FELAHİYE,10384,"ANADOLU SELÇUKLU TARIM ÜRÜNLERİ LİSANSLI DEPOCULUK A.Ş.",KONYA/KARATAY,13036,389,164,1178,1342,2652,1310
"MISIR 2.SINIF","TAŞKIRAN LİDAŞ TARIM ÜRÜNLERİ LİSANSLI DEPOCULUK A.Ş.",KONYA/ÇUMRA,12313,"ANADOLU SELÇUKLU TARIM ÜRÜNLERİ LİSANSLI DEPOCULUK A.Ş.",KONYA/YUNAK,14391,200,164,607,770,2078,1307
"MISIR 1.SINIF","ATB ÇUKUROVA TARIM ÜRÜNLERİ LİSANSLI DEPOCULUK A.Ş.",ADANA/YÜREĞİR,12200,"AYDINLAR AGRO TARIM ÜRÜNLERİ LİSANSLI DEPOCULUK A.Ş.",ADANA/KARATAŞ,13854,62,164,187,350,1654,1304
"MISIR 1.SINIF","GÖZÜKARA AGRO TARIM ÜRÜNLERİ LİSANSLI DEPOCULUK A.Ş.",ADANA/YÜREĞİR,12200,"AYDINLAR AGRO TARIM ÜRÜNLERİ LİSANSLI DEPOCULUK A.Ş.",ADANA/KARATAŞ,13854,62,164,187,350,1654,1304
"MISIR 1.SINIF","HİKMET ŞEFLEK TARIM ÜRÜNLERİ LİSANSLI DEPOCULUK A.Ş.",KONYA/SARAYÖNÜ,12241,"ŞİMŞEKLİ TARIM ÜRÜNLERİ LİSANSLI DEPOCULUK SANAYİ VE TİCARET A.Ş.",KONYA/KPINAR,13868,56,164,171,334,1627,1293
"BUĞDAY MAKARNALIK 2.SINIF","POLAT AGRO TARIM ÜRÜNLERİ LİSANSLI DEPOCULUK A.Ş.",NEVŞEHİR/KOZAKLI,14000,"ESERLER TARIM ÜRÜNLERİ LİSANSLI DEPOCULUK A.Ş.",YOZGAT/ÇANDIR,15700,82,164,249,412,1700,1288
"MISIR 1.SINIF","İSMAİL HAKAN BALTAOĞLU TARIM ÜRÜNLERİ LİSANSLI DEPOCULUK A.Ş.",KONYA/KPINAR,12349,"KAİNAT TARIM ÜRÜNLERİ LİSANSLI DEPOCULUK A.Ş.",KARAMAN/MERKEZ,14400,203,164,614,777,2051,1274
"MISIR 1.SINIF","TOPRAK TARIM ÜRÜNLERİ LİSANSLI DEPOCULUK A.Ş.",KONYA/AEKİN,12545,"ŞİMALA TARIM ÜRÜNLERİ LİSANSLI DEPOCULUK SANAYİ VE TİCARET A.Ş.",KONYA/ÇUMRA,14143,55,164,166,330,1599,1269
"MISIR 2.SINIF","SAVRANLAR TARIM ÜRÜNLERİ LİSANSLI DEPOCULUK A.Ş.",AKSARAY/ESKİL,12200,"ANADOLU SELÇUKLU TARIM ÜRÜNLERİ LİSANSLI DEPOCULUK A.Ş.",KONYA/ÇUMRA,14055,140,164,423,587,1855,1268
"ARPA 1.SINIF","İSMAİL HAKAN BALTAOĞLU TARIM ÜRÜNLERİ LİSANSLI DEPOCULUK A.Ş.",KONYA/KPINAR,11732,"ANADOLU SELÇUKLU TARIM ÜRÜNLERİ LİSANSLI DEPOCULUK A.Ş.",KONYA/KPINAR,13162,0,164,0,164,1431,1267
"MISIR 2.SINIF","KENAN ECER TARIM ÜRÜNLERİ LİSANSLI DEPOCULUK A.Ş.",KONYA/EMİRGAZİ,12249,"ANADOLU SELÇUKLU TARIM ÜRÜNLERİ LİSANSLI DEPOCULUK A.Ş.",KONYA/ÇUMRA,14055,129,164,392,556,1806,1250
"MISIR 2.SINIF","KARAMAN TİCARET BORSASI TARIM ÜRÜNLERİ LİSANSLI DEPOCULUK A.Ş.",KARAMAN/MERKEZ,12282,"RANA FARM TARIM ÜRÜNLERİ LİSANSLI DEPOCULUK A.Ş.",KARAMAN/MERKEZ,13696,0,164,0,164,1413,1250
"BUĞDAY EKMEKLİK KIRMIZI 3.SINIF","KAİNAT TARIM ÜRÜNLERİ LİSANSLI DEPOCULUK A.Ş.",TEKİRDAĞ/ERGENE,14520,"TRAKYA EVREN TARIM ÜRÜNLERİ LİSANSLI DEPOCULUK A.Ş.",TEKİRDAĞ/SPAŞA,16073,47,164,141,305,1553,1248
"MISIR 1.SINIF","TEAM TARIM ÜRÜNLERİ LİSANSLI DEPOCULUK A.Ş.",KONYA/KPINAR,12200,"KAHVECİ AGRO TARIM ÜRÜNLERİ LİSANSLI DEPOCULUK SANAYİ TİCARET A.Ş.",KONYA/SARAYÖNÜ,13780,56,164,171,334,1580,1246
"MISIR 1.SINIF","YUSUF ZENGİN TARIM ÜRÜNLERİ LİSANSLI DEPOCULUK A.Ş.",KONYA/KPINAR,12200,"KAHVECİ AGRO TARIM ÜRÜNLERİ LİSANSLI DEPOCULUK SANAYİ TİCARET A.Ş.",KONYA/SARAYÖNÜ,13780,56,164,171,334,1580,1246
"MISIR 1.SINIF","ANADOLU SELÇUKLU TARIM ÜRÜNLERİ LİSANSLI DEPOCULUK A.Ş.",KONYA/KPINAR,12200,"KAHVECİ AGRO TARIM ÜRÜNLERİ LİSANSLI DEPOCULUK SANAYİ TİCARET A.Ş.",KONYA/SARAYÖNÜ,13780,56,164,171,334,1580,1246
"MISIR 1.SINIF","AĞALAR TARIM ÜRÜNLERİ LİSANSLI DEPOCULUK A.Ş.",KONYA/KARATAY,12200,"KAHVECİ AGRO TARIM ÜRÜNLERİ LİSANSLI DEPOCULUK SANAYİ TİCARET A.Ş.",KONYA/SARAYÖNÜ,13780,57,164,172,335,1580,1245
"BUĞDAY EKMEKLİK KIRMIZI 2.SINIF","ALTINBİLEK TARIM ÜRÜNLERİ LİSANSLI DEPOCULUK A.Ş.",ESKİŞEHİR/ALPU,14417,"ŞİMŞEKLİ TARIM ÜRÜNLERİ LİSANSLI DEPOCULUK SANAYİ VE TİCARET A.Ş.",KONYA/KPINAR,16800,324,164,982,1145,2383,1237
"MISIR 2.SINIF","KENAN ECER TARIM ÜRÜNLERİ LİSANSLI DEPOCULUK A.Ş.",KONYA/EMİRGAZİ,12249,"ANADOLU SELÇUKLU TARIM ÜRÜNLERİ LİSANSLI DEPOCULUK A.Ş.",KONYA/YUNAK,14391,245,164,743,906,2142,1236
"MISIR 2.SINIF","SAVRANLAR TARIM ÜRÜNLERİ LİSANSLI DEPOCULUK A.Ş.",AKSARAY/ESKİL,12200,"ŞİMŞEKLİ TARIM ÜRÜNLERİ LİSANSLI DEPOCULUK SANAYİ VE TİCARET A.Ş.",KONYA/KPINAR,13991,130,164,393,556,1791,1235
"MISIR 1.SINIF","OĞUZ LİDAŞ TARIM ÜRÜNLERİ LİSANSLI DEPOCULUK A.Ş.",ADANA/CEYHAN,12204,"AYDINLAR AGRO TARIM ÜRÜNLERİ LİSANSLI DEPOCULUK A.Ş.",ADANA/KARATAŞ,13854,83,164,253,416,1650,1234
"MISIR 2.SINIF","REKOLTE TARIM ÜRÜNLERİ LİSANSLI DEPOCULUK A.Ş.",KONYA/YUNAK,12200,"İSMAİL HAKKI KUMARTAŞLI TARIM ÜRÜNLERİ LİSANSLI DEPOCULUK A.Ş.",AFYONKARAHİSAR/EMİRDAĞ,13898,101,164,307,471,1698,1228
"BUĞDAY EKMEKLİK KIRMIZI DÜŞÜK VASIFLI","ALTINBİLEK TARIM ÜRÜNLERİ LİSANSLI DEPOCULUK A.Ş.",ESKİŞEHİR/OPAZARI,12790,"ANADOLU SELÇUKLU TARIM ÜRÜNLERİ LİSANSLI DEPOCULUK A.Ş.",KONYA/KPINAR,15250,353,164,1071,1234,2460,1226
"MISIR 1.SINIF","TAŞKIRAN LİDAŞ TARIM ÜRÜNLERİ LİSANSLI DEPOCULUK A.Ş.",KONYA/ÇUMRA,12545,"KAİNAT TARIM ÜRÜNLERİ LİSANSLI DEPOCULUK A.Ş.",KARAMAN/MERKEZ,14400,155,164,469,633,1855,1222
"BUĞDAY EKMEKLİK KIRMIZI 2.SINIF","ESLİDAŞ TARIM ÜRÜNLERİ LİSANSLI DEPOCULUK SANAYİ VE TİCARET A.Ş.",EDİRNE/HAVSA,15408,"KAİNAT TARIM ÜRÜNLERİ LİSANSLI DEPOCULUK A.Ş.",TEKİRDAĞ/ERGENE,16939,50,164,151,315,1531,1217
"MISIR 1.SINIF","RAMAZANOĞULLARI AGRO TARIM ÜRÜNLERİ LİSANSLI DEPOCULUK A.Ş.",ADANA/CEYHAN,12223,"AYDINLAR AGRO TARIM ÜRÜNLERİ LİSANSLI DEPOCULUK A.Ş.",ADANA/KARATAŞ,13854,83,164,253,416,1631,1215
"MISIR 1.SINIF","HİKMET ŞEFLEK TARIM ÜRÜNLERİ LİSANSLI DEPOCULUK A.Ş.",KONYA/SARAYÖNÜ,12241,"KAİNAT TARIM ÜRÜNLERİ LİSANSLI DEPOCULUK A.Ş.",KARAMAN/MERKEZ,14400,259,164,784,948,2159,1212
"MISIR 1.SINIF","AKGÜLLER TAHIL TARIM ÜRÜNLERİ LİSANSLI DEPOCULUK A.Ş.",ADANA/CEYHAN,12228,"AYDINLAR AGRO TARIM ÜRÜNLERİ LİSANSLI DEPOCULUK A.Ş.",ADANA/KARATAŞ,13854,83,164,253,416,1626,1210
"BUĞDAY EKMEKLİK KIRMIZI 2.SINIF","MYSİLO TARIM ÜRÜNLERİ LİSANSLI DEPOCULUK A.Ş.",KIRKLARELİ/MERKEZ,15401,"KAİNAT TARIM ÜRÜNLERİ LİSANSLI DEPOCULUK A.Ş.",TEKİRDAĞ/ERGENE,16939,55,164,167,331,1538,1207
"BUĞDAY EKMEKLİK BEYAZ 3.SINIF","KAYA LİDAŞ TARIM ÜRÜNLERİ LİSANSLI DEPOCULUK A.Ş.",MERSİN/TARSUS,13981,"SARILAR LİDAŞ TARIM ÜRÜNLERİ LİSANSLI DEPOCULUK A.Ş.",ADANA/KİSALI,15500,51,164,154,317,1519,1202
"BUĞDAY EKMEKLİK KIRMIZI 3.SINIF","SÜPERSON TARIM ÜRÜNLERİ LİSANSLI DEPOCULUK A.Ş.",ANKARA/POLATLI,14587,"ANADOLU SELÇUKLU TARIM ÜRÜNLERİ LİSANSLI DEPOCULUK A.Ş.",KONYA/KPINAR,16710,251,164,760,923,2123,1200
"ARPA 2.SINIF","KUŞAT TARIM ÜRÜNLERİ LİSANSLI DEPOCULUK A.Ş.",KAYSERİ/FELAHİYE,10384,"SÜPERSON TARIM ÜRÜNLERİ LİSANSLI DEPOCULUK A.Ş.",ANKARA/POLATLI,12925,390,164,1180,1344,2541,1197
"BUĞDAY EKMEKLİK KIRMIZI 2.SINIF","LÜLEBURGAZ TARIM ÜRÜNLERİ LİSANSLI DEPOCULUK A.Ş.",KIRKLARELİ/LBURGAZ,15259,"İMPAZ TARIM ÜRÜNLERİ LİSANSLI DEPOCULUK A.Ş.",TEKİRDAĞ/SPAŞA,16900,94,164,285,449,1641,1192
"BUĞDAY EKMEKLİK KIRMIZI 2.SINIF","TRAKYA EVREN TARIM ÜRÜNLERİ LİSANSLI DEPOCULUK A.Ş.",TEKİRDAĞ/SPAŞA,15545,"İMPAZ TARIM ÜRÜNLERİ LİSANSLI DEPOCULUK A.Ş.",TEKİRDAĞ/SPAŞA,16900,0,164,0,164,1355,1191
"MISIR 1.SINIF","ATARLAR TARIM ÜRÜNLERİ LİSANSLI DEPOCULUK A.Ş.",AKSARAY/ESKİL,12200,"KAİNAT TARIM ÜRÜNLERİ LİSANSLI DEPOCULUK A.Ş.",KARAMAN/MERKEZ,14400,282,164,854,1017,2200,1183
"MISIR 2.SINIF","REKOLTE TARIM ÜRÜNLERİ LİSANSLI DEPOCULUK A.Ş.",KONYA/YUNAK,12200,"ŞİMŞEKLİ TARIM ÜRÜNLERİ LİSANSLI DEPOCULUK SANAYİ VE TİCARET A.Ş.",KONYA/KPINAR,13991,147,164,445,609,1791,1182
"ARPA 2.SINIF","İSMAİL HAKAN BALTAOĞLU TARIM ÜRÜNLERİ LİSANSLI DEPOCULUK A.Ş.",KONYA/KPINAR,11125,"KOÇAKER LİDAŞ TARIM ÜRÜNLERİ LİSANSLI DEPOCULUK A.Ş.",KONYA/KARATAY,12473,1,164,4,167,1348,1181
"MISIR 1.SINIF","TOPRAK TARIM ÜRÜNLERİ LİSANSLI DEPOCULUK A.Ş.",KONYA/KHANI,12275,"KAHVECİ AGRO TARIM ÜRÜNLERİ LİSANSLI DEPOCULUK SANAYİ TİCARET A.Ş.",KONYA/SARAYÖNÜ,13780,56,164,171,334,1505,1171
"BUĞDAY EKMEKLİK KIRMIZI 1.SINIF","TMO TOBB TARIM ÜRÜNLERİ LİSANSLI DEPOCULUK SANAYİ VE TİCARET A.Ş.",TEKİRDAĞ/HBOLU,16395,"TMO TOBB TARIM ÜRÜNLERİ LİSANSLI DEPOCULUK SANAYİ VE TİCARET A.Ş.",EDİRNE/KEŞAN,18000,91,164,275,439,1605,1167
"BUĞDAY MAKARNALIK 2.SINIF","POLAT AGRO TARIM ÜRÜNLERİ LİSANSLI DEPOCULUK A.Ş.",NEVŞEHİR/KOZAKLI,14000,"ŞENLİDAŞ TARIM ÜRÜNLERİ LİSANSLI DEPOCULUK A.Ş.",ŞANLIURFA/EYYÜBİYE,16973,544,164,1647,1810,2973,1163
"MISIR 2.SINIF","GRAİN TARIM ÜRÜNLERİ LİSANSLI DEPOCULUK A.Ş.",HATAY/KIRIKHAN,12200,"KOÇAKER LİDAŞ TARIM ÜRÜNLERİ LİSANSLI DEPOCULUK A.Ş.",KONYA/KARATAY,15000,487,164,1474,1638,2800,1162
"MISIR 1.SINIF","ÇUKUROVATOPRAK TARIM ÜRÜNLERİ LİSANSLI DEPOCULUK A.Ş.",ADANA/KARATAŞ,12528,"AYDINLAR AGRO TARIM ÜRÜNLERİ LİSANSLI DEPOCULUK A.Ş.",ADANA/KARATAŞ,13854,0,164,0,164,1326,1162
"MISIR 1.SINIF","TOPRAK TARIM ÜRÜNLERİ LİSANSLI DEPOCULUK A.Ş.",KONYA/AEKİN,12545,"ŞİMŞEKLİ TARIM ÜRÜNLERİ LİSANSLI DEPOCULUK SANAYİ VE TİCARET A.Ş.",KONYA/KPINAR,13868,0,164,0,164,1323,1159
"BUĞDAY EKMEKLİK KIRMIZI 3.SINIF","DOĞA AKBULUT TARIM ÜRÜNLERİ LİSANSLI DEPOCULUK A.Ş.",AKSARAY/MERKEZ,14490,"ŞİMALA TARIM ÜRÜNLERİ LİSANSLI DEPOCULUK SANAYİ VE TİCARET A.Ş.",KONYA/KARATAY,16200,129,164,390,553,1710,1157
"MISIR 1.SINIF","GRAİN TARIM ÜRÜNLERİ LİSANSLI DEPOCULUK A.Ş.",HATAY/KIRIKHAN,12200,"AYDINLAR AGRO TARIM ÜRÜNLERİ LİSANSLI DEPOCULUK A.Ş.",ADANA/KARATAŞ,13854,114,164,345,509,1654,1145
"MISIR 1.SINIF","ÖNTÜRK TARIM ÜRÜNLERİ LİSANSLI DEPOCULUK A.Ş.",HATAY/KIRIKHAN,12200,"AYDINLAR AGRO TARIM ÜRÜNLERİ LİSANSLI DEPOCULUK A.Ş.",ADANA/KARATAŞ,13854,114,164,345,509,1654,1145
"BUĞDAY EKMEKLİK KIRMIZI 1.SINIF","YUSUF ZENGİN TARIM ÜRÜNLERİ LİSANSLI DEPOCULUK A.Ş.",KONYA/KPINAR,16761,"ANADOLU SELÇUKLU TARIM ÜRÜNLERİ LİSANSLI DEPOCULUK A.Ş.",KONYA/KPINAR,18066,0,164,0,164,1305,1141
"MISIR 1.SINIF","ATB ÇUKUROVA TARIM ÜRÜNLERİ LİSANSLI DEPOCULUK A.Ş.",ADANA/YÜREĞİR,12200,"KAİNAT TARIM ÜRÜNLERİ LİSANSLI DEPOCULUK A.Ş.",KARAMAN/MERKEZ,14400,296,164,896,1060,2200,1140
"MISIR 1.SINIF","GÖZÜKARA AGRO TARIM ÜRÜNLERİ LİSANSLI DEPOCULUK A.Ş.",ADANA/YÜREĞİR,12200,"KAİNAT TARIM ÜRÜNLERİ LİSANSLI DEPOCULUK A.Ş.",KARAMAN/MERKEZ,14400,296,164,896,1060,2200,1140
"MISIR 2.SINIF","KARAMAN TİCARET BORSASI TARIM ÜRÜNLERİ LİSANSLI DEPOCULUK A.Ş.",KARAMAN/MERKEZ,12282,"ANADOLU SELÇUKLU TARIM ÜRÜNLERİ LİSANSLI DEPOCULUK A.Ş.",KONYA/ÇUMRA,14055,155,164,469,633,1772,1139
"ARPA 1.SINIF","İSMAİL HAKAN BALTAOĞLU TARIM ÜRÜNLERİ LİSANSLI DEPOCULUK A.Ş.",KONYA/KPINAR,11732,"KAHVECİ AGRO TARIM ÜRÜNLERİ LİSANSLI DEPOCULUK SANAYİ TİCARET A.Ş.",KONYA/SARAYÖNÜ,13196,56,164,171,334,1464,1130
"MISIR 1.SINIF","MAKSOY TARIM ÜRÜNLERİ LİSANSLI DEPOCULUK A.Ş.",MERSİN/TARSUS,12373,"KAİNAT TARIM ÜRÜNLERİ LİSANSLI DEPOCULUK A.Ş.",KARAMAN/MERKEZ,14400,243,164,737,901,2027,1126
"MISIR 1.SINIF","BAĞIŞLAR TARIM ÜRÜNLERİ LİSANSLI DEPOCULUK A.Ş.",ADANA/İMAMOĞLU,12255,"AYDINLAR AGRO TARIM ÜRÜNLERİ LİSANSLI DEPOCULUK A.Ş.",ADANA/KARATAŞ,13854,105,164,319,482,1598,1116
"MISIR 2.SINIF","KENAN ECER TARIM ÜRÜNLERİ LİSANSLI DEPOCULUK A.Ş.",KONYA/EMİRGAZİ,12249,"ŞİMŞEKLİ TARIM ÜRÜNLERİ LİSANSLI DEPOCULUK SANAYİ VE TİCARET A.Ş.",KONYA/KPINAR,13991,153,164,464,628,1743,1115
"MISIR 1.SINIF","ATARLAR TARIM ÜRÜNLERİ LİSANSLI DEPOCULUK A.Ş.",AKSARAY/ESKİL,12200,"ŞİMŞEKLİ TARIM ÜRÜNLERİ LİSANSLI DEPOCULUK SANAYİ VE TİCARET A.Ş.",KONYA/KPINAR,13868,130,164,393,556,1668,1112
"MISIR 2.SINIF","REKOLTE TARIM ÜRÜNLERİ LİSANSLI DEPOCULUK A.Ş.",KONYA/YUNAK,12200,"TOPRAK TARIM ÜRÜNLERİ LİSANSLI DEPOCULUK A.Ş.",KARAMAN/KKBEKIR,14319,281,164,851,1014,2119,1105
"BUĞDAY EKMEKLİK KIRMIZI 3.SINIF","KAYSERİ ŞEKER TARIM ÜRÜNLERİ LİSANSLI DEPOCULUK A.Ş.",YOZGAT/BLIYAN,14225,"ANADOLU SELÇUKLU TARIM ÜRÜNLERİ LİSANSLI DEPOCULUK A.Ş.",KONYA/KPINAR,16710,402,164,1219,1383,2485,1103
"MISIR 1.SINIF","İSMAİL HAKAN BALTAOĞLU TARIM ÜRÜNLERİ LİSANSLI DEPOCULUK A.Ş.",KONYA/KPINAR,12349,"KAHVECİ AGRO TARIM ÜRÜNLERİ LİSANSLI DEPOCULUK SANAYİ TİCARET A.Ş.",KONYA/SARAYÖNÜ,13780,56,164,171,334,1431,1097
"BUĞDAY EKMEKLİK KIRMIZI 2.SINIF","TRAKYA EVREN TARIM ÜRÜNLERİ LİSANSLI DEPOCULUK A.Ş.",TEKİRDAĞ/SPAŞA,15545,"KAİNAT TARIM ÜRÜNLERİ LİSANSLI DEPOCULUK A.Ş.",TEKİRDAĞ/ERGENE,16939,47,164,141,305,1394,1089
"MISIR 1.SINIF","MAKSOY TARIM ÜRÜNLERİ LİSANSLI DEPOCULUK A.Ş.",MERSİN/TARSUS,12373,"AYDINLAR AGRO TARIM ÜRÜNLERİ LİSANSLI DEPOCULUK A.Ş.",ADANA/KARATAŞ,13854,76,164,231,394,1481,1087
"MISIR 2.SINIF","REKOLTE TARIM ÜRÜNLERİ LİSANSLI DEPOCULUK A.Ş.",KONYA/YUNAK,12200,"ANADOLU SELÇUKLU TARIM ÜRÜNLERİ LİSANSLI DEPOCULUK A.Ş.",KONYA/ÇUMRA,14055,200,164,607,770,1855,1084
"MISIR 1.SINIF","TOPRAK TARIM ÜRÜNLERİ LİSANSLI DEPOCULUK A.Ş.",KONYA/AEKİN,12545,"KAİNAT TARIM ÜRÜNLERİ LİSANSLI DEPOCULUK A.Ş.",KARAMAN/MERKEZ,14400,203,164,614,777,1855,1078
"MISIR 1.SINIF","ÖZEKİZLER AGRO TARIM ÜRÜNLERİ LİSANSLI DEPOCULUK A.Ş.",ADANA/SARIÇAM,12417,"AYDINLAR AGRO TARIM ÜRÜNLERİ LİSANSLI DEPOCULUK A.Ş.",ADANA/KARATAŞ,13854,66,164,199,363,1437,1074
"BUĞDAY EKMEKLİK KIRMIZI 2.SINIF","SÜPERSON TARIM ÜRÜNLERİ LİSANSLI DEPOCULUK A.Ş.",ANKARA/POLATLI,15405,"İSMAİL HAKAN BALTAOĞLU TARIM ÜRÜNLERİ LİSANSLI DEPOCULUK A.Ş.",KONYA/KPINAR,17400,251,164,760,923,1995,1071
"BUĞDAY EKMEKLİK KIRMIZI 2.SINIF","MİLL STAR LİDAŞ TARIM ÜRÜNLERİ LİSANSLI DEPOCULUK A.Ş.",KONYA/ÇELTİK,15624,"İSMAİL HAKAN BALTAOĞLU TARIM ÜRÜNLERİ LİSANSLI DEPOCULUK A.Ş.",KONYA/KPINAR,17400,179,164,542,705,1776,1071
"MISIR 1.SINIF","NERGİZ AGRO TARIM ÜRÜNLERİ LİSANSLI DEPOCULUK A.Ş.",ADANA/KOZAN,12207,"AYDINLAR AGRO TARIM ÜRÜNLERİ LİSANSLI DEPOCULUK A.Ş.",ADANA/KARATAŞ,13854,137,164,415,579,1647,1068
"MISIR 1.SINIF","ATARLAR TARIM ÜRÜNLERİ LİSANSLI DEPOCULUK A.Ş.",AKSARAY/ESKİL,12200,"KAHVECİ AGRO TARIM ÜRÜNLERİ LİSANSLI DEPOCULUK SANAYİ TİCARET A.Ş.",KONYA/SARAYÖNÜ,13780,116,164,352,516,1580,1064
"BUĞDAY EKMEKLİK BEYAZ 1.SINIF","KAYA LİDAŞ TARIM ÜRÜNLERİ LİSANSLI DEPOCULUK A.Ş.",MERSİN/TARSUS,14123,"KÖSEOĞLU AGRO TARIM ÜRÜNLERİ LİSANSLI DEPOCULUK A.Ş.",ADANA/YÜREĞİR,15507,53,164,159,323,1384,1061
"ARPA 2.SINIF","KUŞAT TARIM ÜRÜNLERİ LİSANSLI DEPOCULUK A.Ş.",KAYSERİ/FELAHİYE,10384,"KAYSERİ ŞEKER TARIM ÜRÜNLERİ LİSANSLI DEPOCULUK A.Ş.",YOZGAT/BLIYAN,11911,101,164,305,468,1528,1059
"BUĞDAY EKMEKLİK KIRMIZI DÜŞÜK VASIFLI","ALTINBİLEK TARIM ÜRÜNLERİ LİSANSLI DEPOCULUK A.Ş.",ESKİŞEHİR/OPAZARI,12790,"ALTINBİLEK TARIM ÜRÜNLERİ LİSANSLI DEPOCULUK A.Ş.",ESKİŞEHİR/ÇİFTELER,14260,82,164,247,411,1470,1059
"MISIR 1.SINIF","SARILAR LİDAŞ TARIM ÜRÜNLERİ LİSANSLI DEPOCULUK A.Ş.",ADANA/KİSALI,12447,"AYDINLAR AGRO TARIM ÜRÜNLERİ LİSANSLI DEPOCULUK A.Ş.",ADANA/KARATAŞ,13854,61,164,186,349,1407,1058
"MISIR 1.SINIF","ER MAKİNE TARIM ÜRÜNLERİ LİSANSLI DEPOCULUK A.Ş.",ADANA/KOZAN,12218,"AYDINLAR AGRO TARIM ÜRÜNLERİ LİSANSLI DEPOCULUK A.Ş.",ADANA/KARATAŞ,13854,137,164,415,579,1636,1057
"BUĞDAY MAKARNALIK 2.SINIF","POLAT AGRO TARIM ÜRÜNLERİ LİSANSLI DEPOCULUK A.Ş.",NEVŞEHİR/KOZAKLI,14000,"KIZILKAYA LİDAŞ TARIM ÜRÜNLERİ LİSANSLI DEPOCULUK A.Ş.",ŞANLIURFA/EYYÜBİYE,16859,544,164,1647,1810,2859,1048
"BUĞDAY EKMEKLİK KIRMIZI 2.SINIF","ESLİDAŞ TARIM ÜRÜNLERİ LİSANSLI DEPOCULUK SANAYİ VE TİCARET A.Ş.",EDİRNE/HAVSA,15408,"İMPAZ TARIM ÜRÜNLERİ LİSANSLI DEPOCULUK A.Ş.",TEKİRDAĞ/SPAŞA,16900,94,164,285,448,1492,1044
"BUĞDAY EKMEKLİK KIRMIZI 2.SINIF","MYSİLO TARIM ÜRÜNLERİ LİSANSLI DEPOCULUK A.Ş.",KIRKLARELİ/MERKEZ,15401,"İMPAZ TARIM ÜRÜNLERİ LİSANSLI DEPOCULUK A.Ş.",TEKİRDAĞ/SPAŞA,16900,98,164,297,461,1499,1038
"ARPA 2.SINIF","KUŞAT TARIM ÜRÜNLERİ LİSANSLI DEPOCULUK A.Ş.",KAYSERİ/FELAHİYE,10384,"YUSUF ZENGİN TARIM ÜRÜNLERİ LİSANSLI DEPOCULUK A.Ş.",KONYA/KPINAR,12763,390,164,1181,1345,2379,1034
"MISIR 2.SINIF","BİZİM TARIM ÜRÜNLERİ LİSANSLI DEPOCULUK A.Ş.",KARAMAN/MERKEZ,13191,"KOÇAKER LİDAŞ TARIM ÜRÜNLERİ LİSANSLI DEPOCULUK A.Ş.",KONYA/KARATAY,15000,202,164,612,776,1809,1033
"MISIR 1.SINIF","UMUT LİDAŞ TARIM ÜRÜNLERİ LİSANSLI DEPOCULUK A.Ş.",OSMANİYE/MERKEZ,12200,"AYDINLAR AGRO TARIM ÜRÜNLERİ LİSANSLI DEPOCULUK A.Ş.",ADANA/KARATAŞ,13854,152,164,460,624,1654,1030
"BUĞDAY MAKARNALIK 2.SINIF","POLAT AGRO TARIM ÜRÜNLERİ LİSANSLI DEPOCULUK A.Ş.",NEVŞEHİR/KOZAKLI,14000,"ÖZTAÇ TARIM ÜRÜNLERİ LİSANSLI DEPOCULUK A.Ş.",ŞANLIURFA/EYYÜBİYE,16836,544,164,1647,1810,2836,1025
"ARPA 2.SINIF","İSMAİL HAKAN BALTAOĞLU TARIM ÜRÜNLERİ LİSANSLI DEPOCULUK A.Ş.",KONYA/KPINAR,11125,"HEKİMOĞLU TARIM ÜRÜNLERİ LİSANSLI DEPOCULUK SANAYİ VE TİCARET A.Ş.",KONYA/SELÇUKLU,12315,1,164,3,166,1190,1024
"MISIR 1.SINIF","ATB ÇUKUROVA TARIM ÜRÜNLERİ LİSANSLI DEPOCULUK A.Ş.",ADANA/YÜREĞİR,12200,"KÖSEOĞLU AGRO TARIM ÜRÜNLERİ LİSANSLI DEPOCULUK A.Ş.",ADANA/YÜREĞİR,13387,0,164,0,164,1187,1024
"MISIR 1.SINIF","GÖZÜKARA AGRO TARIM ÜRÜNLERİ LİSANSLI DEPOCULUK A.Ş.",ADANA/YÜREĞİR,12200,"KÖSEOĞLU AGRO TARIM ÜRÜNLERİ LİSANSLI DEPOCULUK A.Ş.",ADANA/YÜREĞİR,13387,0,164,0,164,1187,1024
"BUĞDAY MAKARNALIK 2.SINIF","POLAT AGRO TARIM ÜRÜNLERİ LİSANSLI DEPOCULUK A.Ş.",NEVŞEHİR/KOZAKLI,14000,"GAP ŞANLIURFA TARIM ÜRÜNLERİ LİSANSLI DEPOCULUK A.Ş.",ŞANLIURFA/EYYÜBİYE,16833,544,164,1647,1810,2833,1023
"BUĞDAY EKMEKLİK KIRMIZI 2.SINIF","ALTINBİLEK TARIM ÜRÜNLERİ LİSANSLI DEPOCULUK A.Ş.",ESKİŞEHİR/ALPU,14417,"TOPRAK TARIM ÜRÜNLERİ LİSANSLI DEPOCULUK A.Ş.",KARAMAN/KKBEKIR,17000,461,164,1397,1561,2583,1022
"BUĞDAY EKMEKLİK KIRMIZI 1.SINIF","YUSUF ZENGİN TARIM ÜRÜNLERİ LİSANSLI DEPOCULUK A.Ş.",KONYA/KPINAR,16761,"KOÇAKER LİDAŞ TARIM ÜRÜNLERİ LİSANSLI DEPOCULUK A.Ş.",KONYA/KARATAY,17950,1,164,4,167,1189,1021
"BUĞDAY EKMEKLİK KIRMIZI 2.SINIF","SÜPERSON TARIM ÜRÜNLERİ LİSANSLI DEPOCULUK A.Ş.",ANKARA/POLATLI,15405,"ANADOLU SELÇUKLU TARIM ÜRÜNLERİ LİSANSLI DEPOCULUK A.Ş.",KONYA/KPINAR,17347,251,164,760,923,1942,1019
"BUĞDAY EKMEKLİK KIRMIZI 2.SINIF","MİLL STAR LİDAŞ TARIM ÜRÜNLERİ LİSANSLI DEPOCULUK A.Ş.",KONYA/ÇELTİK,15624,"ANADOLU SELÇUKLU TARIM ÜRÜNLERİ LİSANSLI DEPOCULUK A.Ş.",KONYA/KPINAR,17347,179,164,542,705,1724,1018
"ARPA 2.SINIF","KUŞAT TARIM ÜRÜNLERİ LİSANSLI DEPOCULUK A.Ş.",KAYSERİ/FELAHİYE,10384,"TOPRAK TARIM ÜRÜNLERİ LİSANSLI DEPOCULUK A.Ş.",KONYA/KHANI,12746,390,164,1181,1345,2363,1018
"MISIR 1.SINIF","SÖNMEZLERAGRO TARIM ÜRÜNLERİ LİSANSLI DEPOCULUK A.Ş.",ADANA/YÜREĞİR,12488,"AYDINLAR AGRO TARIM ÜRÜNLERİ LİSANSLI DEPOCULUK A.Ş.",ADANA/KARATAŞ,13854,62,164,187,350,1366,1016
"BUĞDAY MAKARNALIK 3.SINIF","GAP ŞANLIURFA TARIM ÜRÜNLERİ LİSANSLI DEPOCULUK A.Ş.",ŞANLIURFA/EYYÜBİYE,14612,"SENTİNUS TARIM ÜRÜNLERİ LİSANSLI DEPOCULUK A.Ş.",ŞANLIURFA/HİLVAN,15988,66,164,201,365,1376,1012
"BUĞDAY EKMEKLİK KIRMIZI 2.SINIF","ALTINBİLEK TARIM ÜRÜNLERİ LİSANSLI DEPOCULUK A.Ş.",ESKİŞEHİR/ALPU,14417,"İMPAZ TARIM ÜRÜNLERİ LİSANSLI DEPOCULUK A.Ş.",TEKİRDAĞ/SPAŞA,16900,433,164,1312,1476,2483,1007
"MISIR 1.SINIF","KAYA LİDAŞ TARIM ÜRÜNLERİ LİSANSLI DEPOCULUK A.Ş.",MERSİN/TARSUS,12497,"KAİNAT TARIM ÜRÜNLERİ LİSANSLI DEPOCULUK A.Ş.",KARAMAN/MERKEZ,14400,243,164,737,901,1903,1002
"BUĞDAY MAKARNALIK 2.SINIF","YURTTAŞLAR AGRO TARIM ÜRÜNLERİ LİSANSLI DEPOCULUK A.Ş.",NEVŞEHİR/HBEKTAŞ,14250,"ŞENLİDAŞ TARIM ÜRÜNLERİ LİSANSLI DEPOCULUK A.Ş.",ŞANLIURFA/EYYÜBİYE,16973,516,164,1563,1727,2723,996
"BUĞDAY MAKARNALIK 2.SINIF","POLAT AGRO TARIM ÜRÜNLERİ LİSANSLI DEPOCULUK A.Ş.",NEVŞEHİR/KOZAKLI,14000,"DOĞAL TAT AGRO TARIM ÜRÜNLERİ LİSANSLI DEPOCULUK A.Ş.",ŞANLIURFA/EYYÜBİYE,16803,544,164,1647,1810,2803,993
"MISIR 1.SINIF","TAŞKIRAN LİDAŞ TARIM ÜRÜNLERİ LİSANSLI DEPOCULUK A.Ş.",KONYA/ÇUMRA,12545,"ŞİMŞEKLİ TARIM ÜRÜNLERİ LİSANSLI DEPOCULUK SANAYİ VE TİCARET A.Ş.",KONYA/KPINAR,13868,55,164,166,330,1323,993
"BUĞDAY EKMEKLİK KIRMIZI 2.SINIF","BANDIRMA BORSA TARIM ÜRÜNLERİ LİSANSLI DEPOCULUK A.Ş.",BALIKESİR/BANDIRMA,15382,"İMPAZ TARIM ÜRÜNLERİ LİSANSLI DEPOCULUK A.Ş.",TEKİRDAĞ/SPAŞA,16900,121,164,365,529,1518,989
"BUĞDAY MAKARNALIK 2.SINIF","POLAT AGRO TARIM ÜRÜNLERİ LİSANSLI DEPOCULUK A.Ş.",NEVŞEHİR/KOZAKLI,14000,"SENTİNUS TARIM ÜRÜNLERİ LİSANSLI DEPOCULUK A.Ş.",ŞANLIURFA/HİLVAN,16751,528,164,1599,1762,2751,989
"BUĞDAY EKMEKLİK KIRMIZI 1.SINIF","ESLİDAŞ TARIM ÜRÜNLERİ LİSANSLI DEPOCULUK SANAYİ VE TİCARET A.Ş.",EDİRNE/UZKÖPRÜ,16497,"TMO TOBB TARIM ÜRÜNLERİ LİSANSLI DEPOCULUK SANAYİ VE TİCARET A.Ş.",EDİRNE/KEŞAN,18000,119,164,360,524,1503,979
"MISIR 1.SINIF","OĞUZ LİDAŞ TARIM ÜRÜNLERİ LİSANSLI DEPOCULUK A.Ş.",ADANA/CEYHAN,12204,"KAİNAT TARIM ÜRÜNLERİ LİSANSLI DEPOCULUK A.Ş.",KARAMAN/MERKEZ,14400,351,164,1062,1226,2196,970
"BUĞDAY EKMEKLİK KIRMIZI 2.SINIF","KAİNAT TARIM ÜRÜNLERİ LİSANSLI DEPOCULUK A.Ş.",KIRKLARELİ/PHİSAR,14600,"PTB TARIM ÜRÜNLERİ LİSANSLI DEPOCULUK A.Ş.",ANKARA/POLATLI,17500,584,164,1770,1934,2900,966
"MISIR 1.SINIF","HİKMET ŞEFLEK TARIM ÜRÜNLERİ LİSANSLI DEPOCULUK A.Ş.",KONYA/SARAYÖNÜ,12241,"ANADOLU SELÇUKLU TARIM ÜRÜNLERİ LİSANSLI DEPOCULUK A.Ş.",KONYA/YUNAK,13648,92,164,280,444,1408,964
"MISIR 1.SINIF","KAYA LİDAŞ TARIM ÜRÜNLERİ LİSANSLI DEPOCULUK A.Ş.",MERSİN/TARSUS,12497,"AYDINLAR AGRO TARIM ÜRÜNLERİ LİSANSLI DEPOCULUK A.Ş.",ADANA/KARATAŞ,13854,76,164,231,394,1357,963
"BUĞDAY EKMEKLİK BEYAZ 2.SINIF","POLAT AGRO TARIM ÜRÜNLERİ LİSANSLI DEPOCULUK A.Ş.",NEVŞEHİR/KOZAKLI,14000,"ERK LİDAŞ TARIM ÜRÜNLERİ LİSANSLI DEPOCULUK A.Ş.",KONYA/AEKİN,16100,323,164,979,1142,2100,958
"BUĞDAY EKMEKLİK KIRMIZI 1.SINIF","EDİRNE TARIM ÜRÜNLERİ LİSANSLI DEPOCULUK A.Ş.",EDİRNE/MERKEZ,15378,"ESLİDAŞ TARIM ÜRÜNLERİ LİSANSLI DEPOCULUK SANAYİ VE TİCARET A.Ş.",EDİRNE/UZKÖPRÜ,16497,0,164,0,164,1119,956
"ARPA 1.SINIF","İSMAİL HAKAN BALTAOĞLU TARIM ÜRÜNLERİ LİSANSLI DEPOCULUK A.Ş.",KONYA/KPINAR,11732,"TOPRAK TARIM ÜRÜNLERİ LİSANSLI DEPOCULUK A.Ş.",KONYA/KHANI,12850,0,164,0,164,1118,955
"MISIR 1.SINIF","RAMAZANOĞULLARI AGRO TARIM ÜRÜNLERİ LİSANSLI DEPOCULUK A.Ş.",ADANA/CEYHAN,12223,"KAİNAT TARIM ÜRÜNLERİ LİSANSLI DEPOCULUK A.Ş.",KARAMAN/MERKEZ,14400,351,164,1062,1226,2177,951
"MISIR 1.SINIF","KOÇAKER LİDAŞ TARIM ÜRÜNLERİ LİSANSLI DEPOCULUK A.Ş.",KONYA/KARATAY,12870,"ŞİMALA TARIM ÜRÜNLERİ LİSANSLI DEPOCULUK SANAYİ VE TİCARET A.Ş.",KONYA/ÇUMRA,14143,54,164,163,327,1273,947
"MISIR 1.SINIF","AKGÜLLER TAHIL TARIM ÜRÜNLERİ LİSANSLI DEPOCULUK A.Ş.",ADANA/CEYHAN,12228,"KAİNAT TARIM ÜRÜNLERİ LİSANSLI DEPOCULUK A.Ş.",KARAMAN/MERKEZ,14400,351,164,1062,1226,2172,946
"MISIR 1.SINIF","BAĞIŞLAR TARIM ÜRÜNLERİ LİSANSLI DEPOCULUK A.Ş.",ADANA/İMAMOĞLU,12255,"KAİNAT TARIM ÜRÜNLERİ LİSANSLI DEPOCULUK A.Ş.",KARAMAN/MERKEZ,14400,342,164,1036,1199,2145,945
"MISIR 1.SINIF","TEAM TARIM ÜRÜNLERİ LİSANSLI DEPOCULUK A.Ş.",OSMANİYE/KADİRLİ,12267,"AYDINLAR AGRO TARIM ÜRÜNLERİ LİSANSLI DEPOCULUK A.Ş.",ADANA/KARATAŞ,13854,158,164,479,643,1587,944
"BUĞDAY EKMEKLİK KIRMIZI DÜŞÜK VASIFLI","POLAT AGRO TARIM ÜRÜNLERİ LİSANSLI DEPOCULUK A.Ş.",YOZGAT/BLIYAN,13308,"PTB TARIM ÜRÜNLERİ LİSANSLI DEPOCULUK A.Ş.",ANKARA/POLATLI,15430,338,164,1023,1186,2122,936
"BUĞDAY MAKARNALIK 2.SINIF","YURTTAŞLAR AGRO TARIM ÜRÜNLERİ LİSANSLI DEPOCULUK A.Ş.",NEVŞEHİR/HBEKTAŞ,14250,"ESERLER TARIM ÜRÜNLERİ LİSANSLI DEPOCULUK A.Ş.",YOZGAT/ÇANDIR,15700,117,164,354,517,1450,933
"MISIR 2.SINIF","KARAMAN TİCARET BORSASI TARIM ÜRÜNLERİ LİSANSLI DEPOCULUK A.Ş.",KARAMAN/MERKEZ,12282,"ŞİMŞEKLİ TARIM ÜRÜNLERİ LİSANSLI DEPOCULUK SANAYİ VE TİCARET A.Ş.",KONYA/KPINAR,13991,203,164,614,777,1709,932
"BUĞDAY EKMEKLİK KIRMIZI 2.SINIF","ALTINBİLEK TARIM ÜRÜNLERİ LİSANSLI DEPOCULUK A.Ş.",ESKİŞEHİR/ALPU,14417,"KAİNAT TARIM ÜRÜNLERİ LİSANSLI DEPOCULUK A.Ş.",TEKİRDAĞ/ERGENE,16939,472,164,1428,1592,2522,930
"MISIR 1.SINIF","ATB ÇUKUROVA TARIM ÜRÜNLERİ LİSANSLI DEPOCULUK A.Ş.",ADANA/YÜREĞİR,12200,"TARSUS TİCARET BORSASI TARIM ÜRÜNLERİ LİSANSLI DEPOCULUK A.Ş.",MERSİN/TARSUS,13443,53,164,159,323,1243,921
"MISIR 1.SINIF","GÖZÜKARA AGRO TARIM ÜRÜNLERİ LİSANSLI DEPOCULUK A.Ş.",ADANA/YÜREĞİR,12200,"TARSUS TİCARET BORSASI TARIM ÜRÜNLERİ LİSANSLI DEPOCULUK A.Ş.",MERSİN/TARSUS,13443,53,164,159,323,1243,921
"BUĞDAY EKMEKLİK BEYAZ 2.SINIF","GRAİN TARIM ÜRÜNLERİ LİSANSLI DEPOCULUK A.Ş.",HATAY/KIRIKHAN,13700,"GÖZÜKARA AGRO TARIM ÜRÜNLERİ LİSANSLI DEPOCULUK A.Ş.",ADANA/YÜREĞİR,15200,138,164,418,581,1500,919
"MISIR 1.SINIF","NERGİZ AGRO TARIM ÜRÜNLERİ LİSANSLI DEPOCULUK A.Ş.",ADANA/KOZAN,12207,"KAİNAT TARIM ÜRÜNLERİ LİSANSLI DEPOCULUK A.Ş.",KARAMAN/MERKEZ,14400,368,164,1114,1278,2193,915
"MISIR 1.SINIF","TOPRAK TARIM ÜRÜNLERİ LİSANSLI DEPOCULUK A.Ş.",KONYA/ÇUMRA,13068,"ŞİMALA TARIM ÜRÜNLERİ LİSANSLI DEPOCULUK SANAYİ VE TİCARET A.Ş.",KONYA/ÇUMRA,14143,0,164,0,164,1076,912
"ARPA 2.SINIF","MYSİLO TARIM ÜRÜNLERİ LİSANSLI DEPOCULUK A.Ş.",ESKİŞEHİR/MMUDİYE,11300,"SÜPERSON TARIM ÜRÜNLERİ LİSANSLI DEPOCULUK A.Ş.",ANKARA/POLATLI,12925,183,164,553,717,1625,908
"MISIR 1.SINIF","MAKSOY TARIM ÜRÜNLERİ LİSANSLI DEPOCULUK A.Ş.",MERSİN/TARSUS,12373,"TARSUS TİCARET BORSASI TARIM ÜRÜNLERİ LİSANSLI DEPOCULUK A.Ş.",MERSİN/TARSUS,13443,0,164,0,164,1070,907
"MISIR 1.SINIF","ER MAKİNE TARIM ÜRÜNLERİ LİSANSLI DEPOCULUK A.Ş.",ADANA/KOZAN,12218,"KAİNAT TARIM ÜRÜNLERİ LİSANSLI DEPOCULUK A.Ş.",KARAMAN/MERKEZ,14400,368,164,1114,1278,2182,904
"MISIR 1.SINIF","TOPRAK TARIM ÜRÜNLERİ LİSANSLI DEPOCULUK A.Ş.",KONYA/AEKİN,12545,"KAHVECİ AGRO TARIM ÜRÜNLERİ LİSANSLI DEPOCULUK SANAYİ TİCARET A.Ş.",KONYA/SARAYÖNÜ,13780,56,164,171,334,1235,901
"MISIR 1.SINIF","ÖZEKİZLER AGRO TARIM ÜRÜNLERİ LİSANSLI DEPOCULUK A.Ş.",ADANA/SARIÇAM,12417,"KAİNAT TARIM ÜRÜNLERİ LİSANSLI DEPOCULUK A.Ş.",KARAMAN/MERKEZ,14400,303,164,919,1083,1983,900
"BUĞDAY EKMEKLİK KIRMIZI DÜŞÜK VASIFLI","ALTINBİLEK TARIM ÜRÜNLERİ LİSANSLI DEPOCULUK A.Ş.",ESKİŞEHİR/OPAZARI,12790,"TEAM TARIM ÜRÜNLERİ LİSANSLI DEPOCULUK A.Ş.",ESKİŞEHİR/ALPU,14000,48,164,146,310,1210,900
"MISIR 1.SINIF","SARILAR LİDAŞ TARIM ÜRÜNLERİ LİSANSLI DEPOCULUK A.Ş.",ADANA/KİSALI,12447,"KAİNAT TARIM ÜRÜNLERİ LİSANSLI DEPOCULUK A.Ş.",KARAMAN/MERKEZ,14400,294,164,891,1054,1953,899
"MISIR 2.SINIF","KARAMAN TİCARET BORSASI TARIM ÜRÜNLERİ LİSANSLI DEPOCULUK A.Ş.",KARAMAN/MERKEZ,12282,"KAİNAT TARIM ÜRÜNLERİ LİSANSLI DEPOCULUK A.Ş.",KARAMAN/MERKEZ,13337,0,164,0,164,1054,891
"MISIR 2.SINIF","KARAMAN TİCARET BORSASI TARIM ÜRÜNLERİ LİSANSLI DEPOCULUK A.Ş.",KARAMAN/MERKEZ,12282,"ANADOLU SELÇUKLU TARIM ÜRÜNLERİ LİSANSLI DEPOCULUK A.Ş.",KONYA/YUNAK,14391,348,164,1056,1219,2108,889
"MISIR 1.SINIF","AVS AGRO TARIM ÜRÜNLERİ LİSANSLI DEPOCULUK A.Ş.",KONYA/ÇUMRA,13091,"ŞİMALA TARIM ÜRÜNLERİ LİSANSLI DEPOCULUK SANAYİ VE TİCARET A.Ş.",KONYA/ÇUMRA,14143,0,164,0,164,1053,889
"MISIR 2.SINIF","KAİNAT TARIM ÜRÜNLERİ LİSANSLI DEPOCULUK A.Ş.",KARAMAN/MERKEZ,13337,"KOÇAKER LİDAŞ TARIM ÜRÜNLERİ LİSANSLI DEPOCULUK A.Ş.",KONYA/KARATAY,15000,202,164,612,776,1663,888
"BUĞDAY EKMEKLİK KIRMIZI 2.SINIF","BANDIRMA BORSA TARIM ÜRÜNLERİ LİSANSLI DEPOCULUK A.Ş.",BALIKESİR/BANDIRMA,15382,"KAİNAT TARIM ÜRÜNLERİ LİSANSLI DEPOCULUK A.Ş.",TEKİRDAĞ/ERGENE,16939,167,164,506,670,1557,887
"BUĞDAY MAKARNALIK 2.SINIF","POLAT AGRO TARIM ÜRÜNLERİ LİSANSLI DEPOCULUK A.Ş.",NEVŞEHİR/KOZAKLI,14000,"VİRANŞEHİR LİDAŞ TARIM ÜRÜNLERİ LİSANSLI DEPOCULUK A.Ş.",ŞANLIURFA/VŞEHİR,16746,560,164,1696,1859,2746,887
"BUĞDAY MAKARNALIK 2.SINIF","YURTTAŞLAR AGRO TARIM ÜRÜNLERİ LİSANSLI DEPOCULUK A.Ş.",NEVŞEHİR/HBEKTAŞ,14250,"KIZILKAYA LİDAŞ TARIM ÜRÜNLERİ LİSANSLI DEPOCULUK A.Ş.",ŞANLIURFA/EYYÜBİYE,16859,516,164,1563,1727,2609,882
"ARPA 2.SINIF","İSMAİL HAKAN BALTAOĞLU TARIM ÜRÜNLERİ LİSANSLI DEPOCULUK A.Ş.",KONYA/KPINAR,11125,"SÜPERSON TARIM ÜRÜNLERİ LİSANSLI DEPOCULUK A.Ş.",ANKARA/POLATLI,12925,251,164,760,923,1800,877
"BUĞDAY EKMEKLİK KIRMIZI 3.SINIF","ALTINBİLEK TARIM ÜRÜNLERİ LİSANSLI DEPOCULUK A.Ş.",ESKİŞEHİR/ALPU,14700,"PTB TARIM ÜRÜNLERİ LİSANSLI DEPOCULUK A.Ş.",ANKARA/POLATLI,16148,135,164,408,572,1448,876
"BUĞDAY EKMEKLİK KIRMIZI 2.SINIF","SÜPERSON TARIM ÜRÜNLERİ LİSANSLI DEPOCULUK A.Ş.",ANKARA/POLATLI,15405,"ŞİMALA TARIM ÜRÜNLERİ LİSANSLI DEPOCULUK SANAYİ VE TİCARET A.Ş.",KONYA/KARATAY,17200,251,164,761,924,1795,870
"BUĞDAY EKMEKLİK KIRMIZI 2.SINIF","MİLL STAR LİDAŞ TARIM ÜRÜNLERİ LİSANSLI DEPOCULUK A.Ş.",KONYA/ÇELTİK,15624,"ŞİMALA TARIM ÜRÜNLERİ LİSANSLI DEPOCULUK SANAYİ VE TİCARET A.Ş.",KONYA/KARATAY,17200,180,164,544,707,1576,869
"BUĞDAY EKMEKLİK KIRMIZI 3.SINIF","ALTINBİLEK TARIM ÜRÜNLERİ LİSANSLI DEPOCULUK A.Ş.",ESKİŞEHİR/ALPU,14700,"ANADOLU SELÇUKLU TARIM ÜRÜNLERİ LİSANSLI DEPOCULUK A.Ş.",KONYA/KPINAR,16710,324,164,982,1145,2010,865
"MISIR 1.SINIF","SAFİRTAŞ TARIM ÜRÜNLERİ LİSANSLI DEPOCULUK A.Ş.",KAHRAMANMARAŞ/TÜRKOĞLU,12200,"AYDINLAR AGRO TARIM ÜRÜNLERİ LİSANSLI DEPOCULUK A.Ş.",ADANA/KARATAŞ,13854,207,164,627,791,1654,863
"BUĞDAY EKMEKLİK KIRMIZI 1.SINIF","İSMAİL HAKAN BALTAOĞLU TARIM ÜRÜNLERİ LİSANSLI DEPOCULUK A.Ş.",KONYA/KPINAR,17043,"ANADOLU SELÇUKLU TARIM ÜRÜNLERİ LİSANSLI DEPOCULUK A.Ş.",KONYA/KPINAR,18066,0,164,0,164,1023,859
"BUĞDAY MAKARNALIK 2.SINIF","YURTTAŞLAR AGRO TARIM ÜRÜNLERİ LİSANSLI DEPOCULUK A.Ş.",NEVŞEHİR/HBEKTAŞ,14250,"ÖZTAÇ TARIM ÜRÜNLERİ LİSANSLI DEPOCULUK A.Ş.",ŞANLIURFA/EYYÜBİYE,16836,516,164,1563,1727,2586,859
"BUĞDAY EKMEKLİK KIRMIZI DÜŞÜK VASIFLI","TEAM TARIM ÜRÜNLERİ LİSANSLI DEPOCULUK A.Ş.",ESKİŞEHİR/ALPU,14000,"PTB TARIM ÜRÜNLERİ LİSANSLI DEPOCULUK A.Ş.",ANKARA/POLATLI,15430,135,164,408,572,1430,858
"ARPA 2.SINIF","İSMAİL HAKAN BALTAOĞLU TARIM ÜRÜNLERİ LİSANSLI DEPOCULUK A.Ş.",KONYA/KPINAR,11125,"ALTUNTAŞ TARIM ÜRÜNLERİ LİSANSLI DEPOCULUK A.Ş.",AKSARAY/AĞAÇÖREN,12800,216,164,655,819,1675,856
"BUĞDAY MAKARNALIK 2.SINIF","YURTTAŞLAR AGRO TARIM ÜRÜNLERİ LİSANSLI DEPOCULUK A.Ş.",NEVŞEHİR/HBEKTAŞ,14250,"GAP ŞANLIURFA TARIM ÜRÜNLERİ LİSANSLI DEPOCULUK A.Ş.",ŞANLIURFA/EYYÜBİYE,16833,516,164,1563,1727,2583,856
"MISIR 2.SINIF","GRAİN TARIM ÜRÜNLERİ LİSANSLI DEPOCULUK A.Ş.",HATAY/KIRIKHAN,12200,"TOPRAK TARIM ÜRÜNLERİ LİSANSLI DEPOCULUK A.Ş.",KARAMAN/KKBEKIR,14319,363,164,1101,1264,2119,855
"MISIR 2.SINIF","AŞIROĞULLARI LİDAŞ TARIM ÜRÜNLERİ LİSANSLI DEPOCULUK A.Ş.",KONYA/CBEYLİ,12200,"İSMAİL HAKKI KUMARTAŞLI TARIM ÜRÜNLERİ LİSANSLI DEPOCULUK A.Ş.",AFYONKARAHİSAR/EMİRDAĞ,13898,225,164,681,845,1698,854
"MISIR 1.SINIF","ATB ÇUKUROVA TARIM ÜRÜNLERİ LİSANSLI DEPOCULUK A.Ş.",ADANA/YÜREĞİR,12200,"ŞİMALA TARIM ÜRÜNLERİ LİSANSLI DEPOCULUK SANAYİ VE TİCARET A.Ş.",KONYA/ÇUMRA,14143,306,164,926,1090,1943,854
"MISIR 1.SINIF","GÖZÜKARA AGRO TARIM ÜRÜNLERİ LİSANSLI DEPOCULUK A.Ş.",ADANA/YÜREĞİR,12200,"ŞİMALA TARIM ÜRÜNLERİ LİSANSLI DEPOCULUK SANAYİ VE TİCARET A.Ş.",KONYA/ÇUMRA,14143,306,164,926,1090,1943,854
"MISIR 1.SINIF","OĞUZ LİDAŞ TARIM ÜRÜNLERİ LİSANSLI DEPOCULUK A.Ş.",ADANA/CEYHAN,12204,"KÖSEOĞLU AGRO TARIM ÜRÜNLERİ LİSANSLI DEPOCULUK A.Ş.",ADANA/YÜREĞİR,13387,55,164,167,331,1183,853
"MISIR 1.SINIF","SÖNMEZLERAGRO TARIM ÜRÜNLERİ LİSANSLI DEPOCULUK A.Ş.",ADANA/YÜREĞİR,12488,"KAİNAT TARIM ÜRÜNLERİ LİSANSLI DEPOCULUK A.Ş.",KARAMAN/MERKEZ,14400,296,164,896,1060,1912,852
"BUĞDAY EKMEKLİK KIRMIZI 2.SINIF","ALTINBİLEK TARIM ÜRÜNLERİ LİSANSLI DEPOCULUK A.Ş.",ESKİŞEHİR/ALPU,14417,"KARAMAN TİCARET BORSASI TARIM ÜRÜNLERİ LİSANSLI DEPOCULUK A.Ş.",KARAMAN/MERKEZ,17000,519,164,1573,1737,2583,846
"BUĞDAY EKMEKLİK KIRMIZI 3.SINIF","LÜLEBURGAZ TARIM ÜRÜNLERİ LİSANSLI DEPOCULUK A.Ş.",KIRKLARELİ/LBURGAZ,14781,"TRAKYA EVREN TARIM ÜRÜNLERİ LİSANSLI DEPOCULUK A.Ş.",TEKİRDAĞ/SPAŞA,16073,94,164,285,449,1292,843
"MISIR 2.SINIF","ŞİMŞEKLİ TARIM ÜRÜNLERİ LİSANSLI DEPOCULUK SANAYİ VE TİCARET A.Ş.",KONYA/KPINAR,13991,"KOÇAKER LİDAŞ TARIM ÜRÜNLERİ LİSANSLI DEPOCULUK A.Ş.",KONYA/KARATAY,15000,1,164,4,167,1009,841
"MISIR 1.SINIF","TEAM TARIM ÜRÜNLERİ LİSANSLI DEPOCULUK A.Ş.",KONYA/KPINAR,12200,"ANADOLU SELÇUKLU TARIM ÜRÜNLERİ LİSANSLI DEPOCULUK A.Ş.",KONYA/YUNAK,13648,147,164,445,609,1448,839
"MISIR 1.SINIF","YUSUF ZENGİN TARIM ÜRÜNLERİ LİSANSLI DEPOCULUK A.Ş.",KONYA/KPINAR,12200,"ANADOLU SELÇUKLU TARIM ÜRÜNLERİ LİSANSLI DEPOCULUK A.Ş.",KONYA/YUNAK,13648,147,164,445,609,1448,839
"MISIR 1.SINIF","ANADOLU SELÇUKLU TARIM ÜRÜNLERİ LİSANSLI DEPOCULUK A.Ş.",KONYA/KPINAR,12200,"ANADOLU SELÇUKLU TARIM ÜRÜNLERİ LİSANSLI DEPOCULUK A.Ş.",KONYA/YUNAK,13648,147,164,445,609,1448,839
"MISIR 1.SINIF","AĞALAR TARIM ÜRÜNLERİ LİSANSLI DEPOCULUK A.Ş.",KONYA/KARATAY,12200,"ANADOLU SELÇUKLU TARIM ÜRÜNLERİ LİSANSLI DEPOCULUK A.Ş.",KONYA/YUNAK,13648,148,164,447,611,1448,837
"BUĞDAY EKMEKLİK KIRMIZI 3.SINIF","RUHBAŞ TARIM ÜRÜNLERİ LİSANSLI DEPOCULUK A.Ş.",KAYSERİ/TALAS,14600,"ANADOLU SELÇUKLU TARIM ÜRÜNLERİ LİSANSLI DEPOCULUK A.Ş.",KONYA/KPINAR,16710,367,164,1110,1274,2110,836
"BUĞDAY EKMEKLİK KIRMIZI 2.SINIF","KAİNAT TARIM ÜRÜNLERİ LİSANSLI DEPOCULUK A.Ş.",KIRKLARELİ/PHİSAR,14600,"HİCAZ TARIM ÜRÜNLERİ LİSANSLI DEPOCULUK A.Ş.",TEKİRDAĞ/ÇORLU,15847,82,164,249,413,1247,834
"MISIR 1.SINIF","RAMAZANOĞULLARI AGRO TARIM ÜRÜNLERİ LİSANSLI DEPOCULUK A.Ş.",ADANA/CEYHAN,12223,"KÖSEOĞLU AGRO TARIM ÜRÜNLERİ LİSANSLI DEPOCULUK A.Ş.",ADANA/YÜREĞİR,13387,55,164,167,331,1165,834
"MISIR 2.SINIF","DOĞAL TAT AGRO TARIM ÜRÜNLERİ LİSANSLI DEPOCULUK A.Ş.",ŞANLIURFA/EYYÜBİYE,11800,"KOÇAKER LİDAŞ TARIM ÜRÜNLERİ LİSANSLI DEPOCULUK A.Ş.",KONYA/KARATAY,15000,727,164,2204,2367,3200,833
"MISIR 1.SINIF","KOÇAKER LİDAŞ TARIM ÜRÜNLERİ LİSANSLI DEPOCULUK A.Ş.",KONYA/KARATAY,12870,"ŞİMŞEKLİ TARIM ÜRÜNLERİ LİSANSLI DEPOCULUK SANAYİ VE TİCARET A.Ş.",KONYA/KPINAR,13868,1,164,4,167,998,830
"MISIR 1.SINIF","AKGÜLLER TAHIL TARIM ÜRÜNLERİ LİSANSLI DEPOCULUK A.Ş.",ADANA/CEYHAN,12228,"KÖSEOĞLU AGRO TARIM ÜRÜNLERİ LİSANSLI DEPOCULUK A.Ş.",ADANA/YÜREĞİR,13387,55,164,167,331,1159,829
"BUĞDAY MAKARNALIK 2.SINIF","YURTTAŞLAR AGRO TARIM ÜRÜNLERİ LİSANSLI DEPOCULUK A.Ş.",NEVŞEHİR/HBEKTAŞ,14250,"DOĞAL TAT AGRO TARIM ÜRÜNLERİ LİSANSLI DEPOCULUK A.Ş.",ŞANLIURFA/EYYÜBİYE,16803,516,164,1563,1727,2553,826
"MISIR 2.SINIF","ANADOLU SELÇUKLU TARIM ÜRÜNLERİ LİSANSLI DEPOCULUK A.Ş.",KONYA/KPINAR,12230,"İSMAİL HAKKI KUMARTAŞLI TARIM ÜRÜNLERİ LİSANSLI DEPOCULUK A.Ş.",AFYONKARAHİSAR/EMİRDAĞ,13898,225,164,681,845,1668,823
"MISIR 1.SINIF","ÇUKUROVATOPRAK TARIM ÜRÜNLERİ LİSANSLI DEPOCULUK A.Ş.",ADANA/KARATAŞ,12528,"KAİNAT TARIM ÜRÜNLERİ LİSANSLI DEPOCULUK A.Ş.",KARAMAN/MERKEZ,14400,293,164,889,1052,1872,820
"MISIR 1.SINIF","TEAM TARIM ÜRÜNLERİ LİSANSLI DEPOCULUK A.Ş.",OSMANİYE/KADİRLİ,12267,"GK LİDAŞ TARIM ÜRÜNLERİ LİSANSLI DEPOCULUK A.Ş.",OSMANİYE/KADİRLİ,13250,0,164,0,164,983,820
"BUĞDAY EKMEKLİK KIRMIZI 3.SINIF","DOĞA AKBULUT TARIM ÜRÜNLERİ LİSANSLI DEPOCULUK A.Ş.",AKSARAY/MERKEZ,14490,"PTB TARIM ÜRÜNLERİ LİSANSLI DEPOCULUK A.Ş.",ANKARA/POLATLI,16148,223,164,676,839,1658,819
"BUĞDAY EKMEKLİK BEYAZ 2.SINIF","HİKMET ŞEFLEK TARIM ÜRÜNLERİ LİSANSLI DEPOCULUK A.Ş.",KONYA/SARAYÖNÜ,14948,"ERK LİDAŞ TARIM ÜRÜNLERİ LİSANSLI DEPOCULUK A.Ş.",KONYA/AEKİN,16100,56,164,171,334,1152,818
"MISIR 1.SINIF","MAKSOY TARIM ÜRÜNLERİ LİSANSLI DEPOCULUK A.Ş.",MERSİN/TARSUS,12373,"ŞİMALA TARIM ÜRÜNLERİ LİSANSLI DEPOCULUK SANAYİ VE TİCARET A.Ş.",KONYA/ÇUMRA,14143,261,164,790,953,1770,817
"BUĞDAY EKMEKLİK BEYAZ 2.SINIF","GRAİN TARIM ÜRÜNLERİ LİSANSLI DEPOCULUK A.Ş.",HATAY/KIRIKHAN,13700,"BAĞIŞLAR TARIM ÜRÜNLERİ LİSANSLI DEPOCULUK A.Ş.",ADANA/İMAMOĞLU,15092,136,164,413,577,1392,815
"MISIR 1.SINIF","BAĞIŞLAR TARIM ÜRÜNLERİ LİSANSLI DEPOCULUK A.Ş.",ADANA/İMAMOĞLU,12255,"KÖSEOĞLU AGRO TARIM ÜRÜNLERİ LİSANSLI DEPOCULUK A.Ş.",ADANA/YÜREĞİR,13387,54,164,162,326,1132,806
"MISIR 1.SINIF","GRAİN TARIM ÜRÜNLERİ LİSANSLI DEPOCULUK A.Ş.",HATAY/KIRIKHAN,12200,"KAİNAT TARIM ÜRÜNLERİ LİSANSLI DEPOCULUK A.Ş.",KARAMAN/MERKEZ,14400,407,164,1233,1396,2200,804
"MISIR 1.SINIF","ÖNTÜRK TARIM ÜRÜNLERİ LİSANSLI DEPOCULUK A.Ş.",HATAY/KIRIKHAN,12200,"KAİNAT TARIM ÜRÜNLERİ LİSANSLI DEPOCULUK A.Ş.",KARAMAN/MERKEZ,14400,407,164,1233,1396,2200,804
"MISIR 1.SINIF","LARENDE TARIM ÜRÜNLERİ LİSANSLI DEPOCULUK A.Ş.",KARAMAN/MERKEZ,13436,"KAİNAT TARIM ÜRÜNLERİ LİSANSLI DEPOCULUK A.Ş.",KARAMAN/MERKEZ,14400,0,164,0,164,964,801
"BUĞDAY MAKARNALIK 2.SINIF","YURTTAŞLAR AGRO TARIM ÜRÜNLERİ LİSANSLI DEPOCULUK A.Ş.",NEVŞEHİR/HBEKTAŞ,14250,"SENTİNUS TARIM ÜRÜNLERİ LİSANSLI DEPOCULUK A.Ş.",ŞANLIURFA/HİLVAN,16751,509,164,1541,1704,2501,797
"BUĞDAY EKMEKLİK KIRMIZI DÜŞÜK VASIFLI","YENİ PAZAR TARIM ÜRÜNLERİ LİSANSLI DEPOCULUK A.Ş.",YOZGAT/BLIYAN,13455,"PTB TARIM ÜRÜNLERİ LİSANSLI DEPOCULUK A.Ş.",ANKARA/POLATLI,15430,338,164,1023,1186,1975,789
"BUĞDAY EKMEKLİK BEYAZ 2.SINIF","TEKBAŞLAR TARIM ÜRÜNLERİ LİSANSLI DEPOCULUK A.Ş.",ADANA/YÜREĞİR,14253,"GÖZÜKARA AGRO TARIM ÜRÜNLERİ LİSANSLI DEPOCULUK A.Ş.",ADANA/YÜREĞİR,15200,0,164,0,164,947,784
"MISIR 1.SINIF","ÖZEKİZLER AGRO TARIM ÜRÜNLERİ LİSANSLI DEPOCULUK A.Ş.",ADANA/SARIÇAM,12417,"KÖSEOĞLU AGRO TARIM ÜRÜNLERİ LİSANSLI DEPOCULUK A.Ş.",ADANA/YÜREĞİR,13387,8,164,24,188,971,783
"MISIR 1.SINIF","KAYA LİDAŞ TARIM ÜRÜNLERİ LİSANSLI DEPOCULUK A.Ş.",MERSİN/TARSUS,12497,"TARSUS TİCARET BORSASI TARIM ÜRÜNLERİ LİSANSLI DEPOCULUK A.Ş.",MERSİN/TARSUS,13443,0,164,0,164,946,783
"MISIR 1.SINIF","TEKBAŞLAR TARIM ÜRÜNLERİ LİSANSLI DEPOCULUK A.Ş.",ADANA/YÜREĞİR,12726,"AYDINLAR AGRO TARIM ÜRÜNLERİ LİSANSLI DEPOCULUK A.Ş.",ADANA/KARATAŞ,13854,62,164,187,350,1128,778
"MISIR 1.SINIF","ATARLAR TARIM ÜRÜNLERİ LİSANSLI DEPOCULUK A.Ş.",AKSARAY/ESKİL,12200,"ANADOLU SELÇUKLU TARIM ÜRÜNLERİ LİSANSLI DEPOCULUK A.Ş.",KONYA/YUNAK,13648,169,164,512,676,1448,773
"MISIR 1.SINIF","SARILAR LİDAŞ TARIM ÜRÜNLERİ LİSANSLI DEPOCULUK A.Ş.",ADANA/KİSALI,12447,"KÖSEOĞLU AGRO TARIM ÜRÜNLERİ LİSANSLI DEPOCULUK A.Ş.",ADANA/YÜREĞİR,13387,2,164,6,169,940,771
"BUĞDAY EKMEKLİK KIRMIZI DÜŞÜK VASIFLI","MİLL STAR LİDAŞ TARIM ÜRÜNLERİ LİSANSLI DEPOCULUK A.Ş.",KONYA/ÇELTİK,14226,"PTB TARIM ÜRÜNLERİ LİSANSLI DEPOCULUK A.Ş.",ANKARA/POLATLI,15430,91,164,275,438,1204,766
"MISIR 1.SINIF","TOPRAK TARIM ÜRÜNLERİ LİSANSLI DEPOCULUK A.Ş.",KONYA/KHANI,12275,"ANADOLU SELÇUKLU TARIM ÜRÜNLERİ LİSANSLI DEPOCULUK A.Ş.",KONYA/YUNAK,13648,147,164,445,609,1373,764
"BUĞDAY EKMEKLİK BEYAZ 2.SINIF","GRAİN TARIM ÜRÜNLERİ LİSANSLI DEPOCULUK A.Ş.",HATAY/KIRIKHAN,13700,"ERK LİDAŞ TARIM ÜRÜNLERİ LİSANSLI DEPOCULUK A.Ş.",KONYA/AEKİN,16100,488,164,1478,1641,2400,759
"MISIR 1.SINIF","NERGİZ AGRO TARIM ÜRÜNLERİ LİSANSLI DEPOCULUK A.Ş.",ADANA/KOZAN,12207,"GK LİDAŞ TARIM ÜRÜNLERİ LİSANSLI DEPOCULUK A.Ş.",OSMANİYE/KADİRLİ,13250,41,164,123,286,1043,756
"MISIR 1.SINIF","NERGİZ AGRO TARIM ÜRÜNLERİ LİSANSLI DEPOCULUK A.Ş.",ADANA/KOZAN,12207,"KÖSEOĞLU AGRO TARIM ÜRÜNLERİ LİSANSLI DEPOCULUK A.Ş.",ADANA/YÜREĞİR,13387,86,164,260,424,1180,756
"BUĞDAY EKMEKLİK KIRMIZI 2.SINIF","HİCAZ TARIM ÜRÜNLERİ LİSANSLI DEPOCULUK A.Ş.",TEKİRDAĞ/ÇORLU,15847,"İMPAZ TARIM ÜRÜNLERİ LİSANSLI DEPOCULUK A.Ş.",TEKİRDAĞ/SPAŞA,16900,45,164,135,299,1053,754
"MISIR 1.SINIF","KOÇAKER LİDAŞ TARIM ÜRÜNLERİ LİSANSLI DEPOCULUK A.Ş.",KONYA/KARATAY,12870,"KAİNAT TARIM ÜRÜNLERİ LİSANSLI DEPOCULUK A.Ş.",KARAMAN/MERKEZ,14400,202,164,612,776,1530,754
"MISIR 2.SINIF","TAŞKIRAN LİDAŞ TARIM ÜRÜNLERİ LİSANSLI DEPOCULUK A.Ş.",KONYA/ÇUMRA,12313,"RANA FARM TARIM ÜRÜNLERİ LİSANSLI DEPOCULUK A.Ş.",KARAMAN/MERKEZ,13696,155,164,469,633,1383,750
"MISIR 1.SINIF","OĞUZ LİDAŞ TARIM ÜRÜNLERİ LİSANSLI DEPOCULUK A.Ş.",ADANA/CEYHAN,12204,"TARSUS TİCARET BORSASI TARIM ÜRÜNLERİ LİSANSLI DEPOCULUK A.Ş.",MERSİN/TARSUS,13443,108,164,326,490,1239,750
"ARPA 2.SINIF","KUŞAT TARIM ÜRÜNLERİ LİSANSLI DEPOCULUK A.Ş.",KAYSERİ/FELAHİYE,10384,"KOÇAKER LİDAŞ TARIM ÜRÜNLERİ LİSANSLI DEPOCULUK A.Ş.",KONYA/KARATAY,12473,389,164,1178,1342,2089,747
"MISIR 1.SINIF","UMUT LİDAŞ TARIM ÜRÜNLERİ LİSANSLI DEPOCULUK A.Ş.",OSMANİYE/MERKEZ,12200,"KAİNAT TARIM ÜRÜNLERİ LİSANSLI DEPOCULUK A.Ş.",KARAMAN/MERKEZ,14400,426,164,1289,1453,2200,747
"MISIR 1.SINIF","ER MAKİNE TARIM ÜRÜNLERİ LİSANSLI DEPOCULUK A.Ş.",ADANA/KOZAN,12218,"GK LİDAŞ TARIM ÜRÜNLERİ LİSANSLI DEPOCULUK A.Ş.",OSMANİYE/KADİRLİ,13250,41,164,123,286,1032,746
"MISIR 1.SINIF","ER MAKİNE TARIM ÜRÜNLERİ LİSANSLI DEPOCULUK A.Ş.",ADANA/KOZAN,12218,"KÖSEOĞLU AGRO TARIM ÜRÜNLERİ LİSANSLI DEPOCULUK A.Ş.",ADANA/YÜREĞİR,13387,86,164,260,424,1169,745
"MISIR 2.SINIF","KARAMAN TİCARET BORSASI TARIM ÜRÜNLERİ LİSANSLI DEPOCULUK A.Ş.",KARAMAN/MERKEZ,12282,"BİZİM TARIM ÜRÜNLERİ LİSANSLI DEPOCULUK A.Ş.",KARAMAN/MERKEZ,13191,0,164,0,164,909,745
"MISIR 1.SINIF","TAŞKIRAN LİDAŞ TARIM ÜRÜNLERİ LİSANSLI DEPOCULUK A.Ş.",KONYA/ÇUMRA,12545,"KAHVECİ AGRO TARIM ÜRÜNLERİ LİSANSLI DEPOCULUK SANAYİ TİCARET A.Ş.",KONYA/SARAYÖNÜ,13780,108,164,327,491,1235,745
"BUĞDAY EKMEKLİK KIRMIZI 1.SINIF","İSMAİL HAKAN BALTAOĞLU TARIM ÜRÜNLERİ LİSANSLI DEPOCULUK A.Ş.",KONYA/KPINAR,17043,"KOÇAKER LİDAŞ TARIM ÜRÜNLERİ LİSANSLI DEPOCULUK A.Ş.",KONYA/KARATAY,17950,1,164,4,167,907,740
"MISIR 1.SINIF","TEAM TARIM ÜRÜNLERİ LİSANSLI DEPOCULUK A.Ş.",OSMANİYE/KADİRLİ,12267,"KAİNAT TARIM ÜRÜNLERİ LİSANSLI DEPOCULUK A.Ş.",KARAMAN/MERKEZ,14400,407,164,1232,1395,2133,738
"MISIR 1.SINIF","ANADOLU SELÇUKLU TARIM ÜRÜNLERİ LİSANSLI DEPOCULUK A.Ş.",KONYA/KARATAY,13079,"ŞİMALA TARIM ÜRÜNLERİ LİSANSLI DEPOCULUK SANAYİ VE TİCARET A.Ş.",KONYA/ÇUMRA,14143,54,164,163,327,1064,737
"MISIR 1.SINIF","UMUT LİDAŞ TARIM ÜRÜNLERİ LİSANSLI DEPOCULUK A.Ş.",OSMANİYE/MERKEZ,12200,"GK LİDAŞ TARIM ÜRÜNLERİ LİSANSLI DEPOCULUK A.Ş.",OSMANİYE/KADİRLİ,13250,49,164,149,313,1050,737
"BUĞDAY EKMEKLİK KIRMIZI 3.SINIF","KAYSERİ ŞEKER TARIM ÜRÜNLERİ LİSANSLI DEPOCULUK A.Ş.",YOZGAT/BLIYAN,14225,"PTB TARIM ÜRÜNLERİ LİSANSLI DEPOCULUK A.Ş.",ANKARA/POLATLI,16148,338,164,1023,1186,1923,737
"MISIR 1.SINIF","SÖNMEZLERAGRO TARIM ÜRÜNLERİ LİSANSLI DEPOCULUK A.Ş.",ADANA/YÜREĞİR,12488,"KÖSEOĞLU AGRO TARIM ÜRÜNLERİ LİSANSLI DEPOCULUK A.Ş.",ADANA/YÜREĞİR,13387,0,164,0,164,899,736
"MISIR 1.SINIF","RAMAZANOĞULLARI AGRO TARIM ÜRÜNLERİ LİSANSLI DEPOCULUK A.Ş.",ADANA/CEYHAN,12223,"TARSUS TİCARET BORSASI TARIM ÜRÜNLERİ LİSANSLI DEPOCULUK A.Ş.",MERSİN/TARSUS,13443,108,164,326,490,1221,731
"MISIR 1.SINIF","AKGÜLLER TAHIL TARIM ÜRÜNLERİ LİSANSLI DEPOCULUK A.Ş.",ADANA/CEYHAN,12228,"TARSUS TİCARET BORSASI TARIM ÜRÜNLERİ LİSANSLI DEPOCULUK A.Ş.",MERSİN/TARSUS,13443,108,164,326,490,1215,726
"MISIR 2.SINIF","AŞIROĞULLARI LİDAŞ TARIM ÜRÜNLERİ LİSANSLI DEPOCULUK A.Ş.",KONYA/CBEYLİ,12200,"RANA FARM TARIM ÜRÜNLERİ LİSANSLI DEPOCULUK A.Ş.",KARAMAN/MERKEZ,13696,203,164,614,777,1496,719
"MISIR 1.SINIF","NERGİZ AGRO TARIM ÜRÜNLERİ LİSANSLI DEPOCULUK A.Ş.",ADANA/KOZAN,12207,"ŞİMALA TARIM ÜRÜNLERİ LİSANSLI DEPOCULUK SANAYİ VE TİCARET A.Ş.",KONYA/ÇUMRA,14143,348,164,1055,1218,1936,718
"MISIR 1.SINIF","BAĞIŞLAR TARIM ÜRÜNLERİ LİSANSLI DEPOCULUK A.Ş.",ADANA/İMAMOĞLU,12255,"TARSUS TİCARET BORSASI TARIM ÜRÜNLERİ LİSANSLI DEPOCULUK A.Ş.",MERSİN/TARSUS,13443,101,164,307,470,1188,718
"MISIR 1.SINIF","AĞALAR TARIM ÜRÜNLERİ LİSANSLI DEPOCULUK A.Ş.",KONYA/KARATAY,12200,"ANADOLU SELÇUKLU TARIM ÜRÜNLERİ LİSANSLI DEPOCULUK A.Ş.",KONYA/KARATAY,13079,0,164,0,164,879,716
"MISIR 2.SINIF","SAVRANLAR TARIM ÜRÜNLERİ LİSANSLI DEPOCULUK A.Ş.",AKSARAY/ESKİL,12200,"İSMAİL HAKKI KUMARTAŞLI TARIM ÜRÜNLERİ LİSANSLI DEPOCULUK A.Ş.",AFYONKARAHİSAR/EMİRDAĞ,13898,270,164,819,983,1698,716
"MISIR 1.SINIF","BAĞIŞLAR TARIM ÜRÜNLERİ LİSANSLI DEPOCULUK A.Ş.",ADANA/İMAMOĞLU,12255,"ŞİMALA TARIM ÜRÜNLERİ LİSANSLI DEPOCULUK SANAYİ VE TİCARET A.Ş.",KONYA/ÇUMRA,14143,333,164,1010,1173,1888,715
"BUĞDAY EKMEKLİK KIRMIZI 2.SINIF","HİCAZ TARIM ÜRÜNLERİ LİSANSLI DEPOCULUK A.Ş.",TEKİRDAĞ/ÇORLU,15847,"KAİNAT TARIM ÜRÜNLERİ LİSANSLI DEPOCULUK A.Ş.",TEKİRDAĞ/ERGENE,16939,71,164,216,379,1092,713
"MISIR 1.SINIF","BİZİM TARIM ÜRÜNLERİ LİSANSLI DEPOCULUK A.Ş.",KARAMAN/MERKEZ,13524,"KAİNAT TARIM ÜRÜNLERİ LİSANSLI DEPOCULUK A.Ş.",KARAMAN/MERKEZ,14400,0,164,0,164,876,713
"MISIR 1.SINIF","TEAM TARIM ÜRÜNLERİ LİSANSLI DEPOCULUK A.Ş.",KONYA/KPINAR,12200,"ANADOLU SELÇUKLU TARIM ÜRÜNLERİ LİSANSLI DEPOCULUK A.Ş.",KONYA/KARATAY,13079,1,164,4,167,879,712
"MISIR 1.SINIF","YUSUF ZENGİN TARIM ÜRÜNLERİ LİSANSLI DEPOCULUK A.Ş.",KONYA/KPINAR,12200,"ANADOLU SELÇUKLU TARIM ÜRÜNLERİ LİSANSLI DEPOCULUK A.Ş.",KONYA/KARATAY,13079,1,164,4,167,879,712
"MISIR 1.SINIF","ANADOLU SELÇUKLU TARIM ÜRÜNLERİ LİSANSLI DEPOCULUK A.Ş.",KONYA/KPINAR,12200,"ANADOLU SELÇUKLU TARIM ÜRÜNLERİ LİSANSLI DEPOCULUK A.Ş.",KONYA/KARATAY,13079,1,164,4,167,879,712
"MISIR 1.SINIF","AL LİDAŞ TARIM ÜRÜNLERİ LİSANSLI DEPOCULUK A.Ş.",KAHRAMANMARAŞ/PAZARCIK,12200,"AYDINLAR AGRO TARIM ÜRÜNLERİ LİSANSLI DEPOCULUK A.Ş.",ADANA/KARATAŞ,13854,257,164,780,944,1654,710
"MISIR 1.SINIF","NARLI TARIM ÜRÜNLERİ LİSANSLI DEPOCULUK A.Ş.",KAHRAMANMARAŞ/PAZARCIK,12200,"AYDINLAR AGRO TARIM ÜRÜNLERİ LİSANSLI DEPOCULUK A.Ş.",ADANA/KARATAŞ,13854,257,164,780,944,1654,710
"BUĞDAY EKMEKLİK KIRMIZI DÜŞÜK VASIFLI","ALTINBİLEK TARIM ÜRÜNLERİ LİSANSLI DEPOCULUK A.Ş.",ESKİŞEHİR/OPAZARI,12790,"MİLL STAR LİDAŞ TARIM ÜRÜNLERİ LİSANSLI DEPOCULUK A.Ş.",KONYA/ÇELTİK,14226,186,164,563,726,1436,710
"BUĞDAY MAKARNALIK 2.SINIF","YURTTAŞLAR AGRO TARIM ÜRÜNLERİ LİSANSLI DEPOCULUK A.Ş.",NEVŞEHİR/HBEKTAŞ,14250,"VİRANŞEHİR LİDAŞ TARIM ÜRÜNLERİ LİSANSLI DEPOCULUK A.Ş.",ŞANLIURFA/VŞEHİR,16746,536,164,1623,1787,2496,710
"BUĞDAY EKMEKLİK KIRMIZI 1.SINIF","ŞİMŞEKLİ TARIM ÜRÜNLERİ LİSANSLI DEPOCULUK SANAYİ VE TİCARET A.Ş.",KONYA/KPINAR,17195,"ANADOLU SELÇUKLU TARIM ÜRÜNLERİ LİSANSLI DEPOCULUK A.Ş.",KONYA/KPINAR,18066,0,164,0,164,872,708
"MISIR 1.SINIF","ER MAKİNE TARIM ÜRÜNLERİ LİSANSLI DEPOCULUK A.Ş.",ADANA/KOZAN,12218,"ŞİMALA TARIM ÜRÜNLERİ LİSANSLI DEPOCULUK SANAYİ VE TİCARET A.Ş.",KONYA/ÇUMRA,14143,348,164,1055,1218,1925,707
"BUĞDAY EKMEKLİK KIRMIZI DÜŞÜK VASIFLI","TMO TOBB TARIM ÜRÜNLERİ LİSANSLI DEPOCULUK SANAYİ VE TİCARET A.Ş.",TEKİRDAĞ/HBOLU,13300,"KAİNAT TARIM ÜRÜNLERİ LİSANSLI DEPOCULUK A.Ş.",TEKİRDAĞ/ERGENE,14307,47,164,141,305,1007,702
"MISIR 1.SINIF","TOPRAK TARIM ÜRÜNLERİ LİSANSLI DEPOCULUK A.Ş.",KONYA/ÇUMRA,13068,"KAİNAT TARIM ÜRÜNLERİ LİSANSLI DEPOCULUK A.Ş.",KARAMAN/MERKEZ,14400,155,164,469,633,1332,699
"MISIR 1.SINIF","KAYA LİDAŞ TARIM ÜRÜNLERİ LİSANSLI DEPOCULUK A.Ş.",MERSİN/TARSUS,12497,"ŞİMALA TARIM ÜRÜNLERİ LİSANSLI DEPOCULUK SANAYİ VE TİCARET A.Ş.",KONYA/ÇUMRA,14143,261,164,790,953,1646,693
"MISIR 1.SINIF","OĞUZ LİDAŞ TARIM ÜRÜNLERİ LİSANSLI DEPOCULUK A.Ş.",ADANA/CEYHAN,12204,"ŞİMALA TARIM ÜRÜNLERİ LİSANSLI DEPOCULUK SANAYİ VE TİCARET A.Ş.",KONYA/ÇUMRA,14143,358,164,1083,1247,1940,693
"MISIR 1.SINIF","MAKSOY TARIM ÜRÜNLERİ LİSANSLI DEPOCULUK A.Ş.",MERSİN/TARSUS,12373,"KÖSEOĞLU AGRO TARIM ÜRÜNLERİ LİSANSLI DEPOCULUK A.Ş.",ADANA/YÜREĞİR,13387,53,164,159,323,1014,692
"MISIR 1.SINIF","İSMAİL HAKAN BALTAOĞLU TARIM ÜRÜNLERİ LİSANSLI DEPOCULUK A.Ş.",KONYA/KPINAR,12349,"ANADOLU SELÇUKLU TARIM ÜRÜNLERİ LİSANSLI DEPOCULUK A.Ş.",KONYA/YUNAK,13648,147,164,445,609,1300,691
"BUĞDAY EKMEKLİK KIRMIZI 3.SINIF","SÜPERSON TARIM ÜRÜNLERİ LİSANSLI DEPOCULUK A.Ş.",ANKARA/POLATLI,14587,"ŞİMALA TARIM ÜRÜNLERİ LİSANSLI DEPOCULUK SANAYİ VE TİCARET A.Ş.",KONYA/KARATAY,16200,251,164,761,924,1613,688
"MISIR 2.SINIF","ANADOLU SELÇUKLU TARIM ÜRÜNLERİ LİSANSLI DEPOCULUK A.Ş.",KONYA/KPINAR,12230,"RANA FARM TARIM ÜRÜNLERİ LİSANSLI DEPOCULUK A.Ş.",KARAMAN/MERKEZ,13696,203,164,614,777,1465,688
"ARPA 2.SINIF","MYSİLO TARIM ÜRÜNLERİ LİSANSLI DEPOCULUK A.Ş.",ESKİŞEHİR/MMUDİYE,11300,"ALTINBİLEK TARIM ÜRÜNLERİ LİSANSLI DEPOCULUK A.Ş.",ESKİŞEHİR/OPAZARI,12150,0,164,0,164,850,686
"MISIR 1.SINIF","ÖZEKİZLER AGRO TARIM ÜRÜNLERİ LİSANSLI DEPOCULUK A.Ş.",ADANA/SARIÇAM,12417,"TARSUS TİCARET BORSASI TARIM ÜRÜNLERİ LİSANSLI DEPOCULUK A.Ş.",MERSİN/TARSUS,13443,60,164,182,346,1026,681
"MISIR 1.SINIF","SARILAR LİDAŞ TARIM ÜRÜNLERİ LİSANSLI DEPOCULUK A.Ş.",ADANA/KİSALI,12447,"TARSUS TİCARET BORSASI TARIM ÜRÜNLERİ LİSANSLI DEPOCULUK A.Ş.",MERSİN/TARSUS,13443,51,164,154,317,996,679
"MISIR 1.SINIF","AVS AGRO TARIM ÜRÜNLERİ LİSANSLI DEPOCULUK A.Ş.",KONYA/ÇUMRA,13091,"KAİNAT TARIM ÜRÜNLERİ LİSANSLI DEPOCULUK A.Ş.",KARAMAN/MERKEZ,14400,155,164,469,633,1309,677
"ARPA 1.SINIF","KOÇAKER LİDAŞ TARIM ÜRÜNLERİ LİSANSLI DEPOCULUK A.Ş.",KONYA/KARATAY,12319,"ANADOLU SELÇUKLU TARIM ÜRÜNLERİ LİSANSLI DEPOCULUK A.Ş.",KONYA/KPINAR,13162,1,164,4,167,844,677
"MISIR 1.SINIF","NERGİZ AGRO TARIM ÜRÜNLERİ LİSANSLI DEPOCULUK A.Ş.",ADANA/KOZAN,12207,"TARSUS TİCARET BORSASI TARIM ÜRÜNLERİ LİSANSLI DEPOCULUK A.Ş.",MERSİN/TARSUS,13443,131,164,397,560,1236,676
"MISIR 1.SINIF","RAMAZANOĞULLARI AGRO TARIM ÜRÜNLERİ LİSANSLI DEPOCULUK A.Ş.",ADANA/CEYHAN,12223,"ŞİMALA TARIM ÜRÜNLERİ LİSANSLI DEPOCULUK SANAYİ VE TİCARET A.Ş.",KONYA/ÇUMRA,14143,358,164,1083,1247,1921,674
"ARPA 2.SINIF","İSMAİL HAKAN BALTAOĞLU TARIM ÜRÜNLERİ LİSANSLI DEPOCULUK A.Ş.",KONYA/KPINAR,11125,"REKOLTE TARIM ÜRÜNLERİ LİSANSLI DEPOCULUK A.Ş.",KONYA/YUNAK,12405,147,164,445,609,1280,671
"MISIR 1.SINIF","AKGÜLLER TAHIL TARIM ÜRÜNLERİ LİSANSLI DEPOCULUK A.Ş.",ADANA/CEYHAN,12228,"ŞİMALA TARIM ÜRÜNLERİ LİSANSLI DEPOCULUK SANAYİ VE TİCARET A.Ş.",KONYA/ÇUMRA,14143,358,164,1083,1247,1916,669
"MISIR 1.SINIF","ER MAKİNE TARIM ÜRÜNLERİ LİSANSLI DEPOCULUK A.Ş.",ADANA/KOZAN,12218,"TARSUS TİCARET BORSASI TARIM ÜRÜNLERİ LİSANSLI DEPOCULUK A.Ş.",MERSİN/TARSUS,13443,131,164,397,560,1225,665
"BUĞDAY MAKARNALIK DÜŞÜK VASIFLI","POLAT AGRO TARIM ÜRÜNLERİ LİSANSLI DEPOCULUK A.Ş.",YOZGAT/BLIYAN,13631,"GAP ŞANLIURFA TARIM ÜRÜNLERİ LİSANSLI DEPOCULUK A.Ş.",ŞANLIURFA/EYYÜBİYE,16127,552,164,1673,1836,2496,660
"MISIR 1.SINIF","OĞUZ LİDAŞ TARIM ÜRÜNLERİ LİSANSLI DEPOCULUK A.Ş.",ADANA/CEYHAN,12204,"GK LİDAŞ TARIM ÜRÜNLERİ LİSANSLI DEPOCULUK A.Ş.",OSMANİYE/KADİRLİ,13250,75,164,227,391,1046,656
"MISIR 1.SINIF","SAFİRTAŞ TARIM ÜRÜNLERİ LİSANSLI DEPOCULUK A.Ş.",KAHRAMANMARAŞ/TÜRKOĞLU,12200,"GK LİDAŞ TARIM ÜRÜNLERİ LİSANSLI DEPOCULUK A.Ş.",OSMANİYE/KADİRLİ,13250,80,164,244,407,1050,643
"ARPA 2.SINIF","KUŞAT TARIM ÜRÜNLERİ LİSANSLI DEPOCULUK A.Ş.",KAYSERİ/FELAHİYE,10384,"REKOLTE TARIM ÜRÜNLERİ LİSANSLI DEPOCULUK A.Ş.",KONYA/YUNAK,12405,401,164,1216,1379,2021,642
"ARPA 2.SINIF","HEKİMOĞLU TARIM ÜRÜNLERİ LİSANSLI DEPOCULUK SANAYİ VE TİCARET A.Ş.",KONYA/SELÇUKLU,12315,"ANADOLU SELÇUKLU TARIM ÜRÜNLERİ LİSANSLI DEPOCULUK A.Ş.",KONYA/KPINAR,13120,1,164,3,166,805,639
"MISIR 1.SINIF","RAMAZANOĞULLARI AGRO TARIM ÜRÜNLERİ LİSANSLI DEPOCULUK A.Ş.",ADANA/CEYHAN,12223,"GK LİDAŞ TARIM ÜRÜNLERİ LİSANSLI DEPOCULUK A.Ş.",OSMANİYE/KADİRLİ,13250,75,164,227,391,1027,637
"MISIR 1.SINIF","TOPRAK TARIM ÜRÜNLERİ LİSANSLI DEPOCULUK A.Ş.",KONYA/KHANI,12275,"ANADOLU SELÇUKLU TARIM ÜRÜNLERİ LİSANSLI DEPOCULUK A.Ş.",KONYA/KARATAY,13079,1,164,4,167,804,637
"ARPA 2.SINIF","İSMAİL HAKAN BALTAOĞLU TARIM ÜRÜNLERİ LİSANSLI DEPOCULUK A.Ş.",KONYA/KPINAR,11125,"KAİNAT TARIM ÜRÜNLERİ LİSANSLI DEPOCULUK A.Ş.",KARAMAN/MERKEZ,12537,203,164,614,777,1412,635
"MISIR 1.SINIF","BAĞIŞLAR TARIM ÜRÜNLERİ LİSANSLI DEPOCULUK A.Ş.",ADANA/İMAMOĞLU,12255,"GK LİDAŞ TARIM ÜRÜNLERİ LİSANSLI DEPOCULUK A.Ş.",OSMANİYE/KADİRLİ,13250,65,164,198,362,995,633
"MISIR 1.SINIF","SÖNMEZLERAGRO TARIM ÜRÜNLERİ LİSANSLI DEPOCULUK A.Ş.",ADANA/YÜREĞİR,12488,"TARSUS TİCARET BORSASI TARIM ÜRÜNLERİ LİSANSLI DEPOCULUK A.Ş.",MERSİN/TARSUS,13443,53,164,159,323,955,633
"MISIR 1.SINIF","AKGÜLLER TAHIL TARIM ÜRÜNLERİ LİSANSLI DEPOCULUK A.Ş.",ADANA/CEYHAN,12228,"GK LİDAŞ TARIM ÜRÜNLERİ LİSANSLI DEPOCULUK A.Ş.",OSMANİYE/KADİRLİ,13250,75,164,227,391,1022,632
"MISIR 1.SINIF","UMUT LİDAŞ TARIM ÜRÜNLERİ LİSANSLI DEPOCULUK A.Ş.",OSMANİYE/MERKEZ,12200,"KÖSEOĞLU AGRO TARIM ÜRÜNLERİ LİSANSLI DEPOCULUK A.Ş.",ADANA/YÜREĞİR,13387,130,164,393,557,1187,631
"BUĞDAY EKMEKLİK KIRMIZI 2.SINIF","ESLİDAŞ TARIM ÜRÜNLERİ LİSANSLI DEPOCULUK SANAYİ VE TİCARET A.Ş.",EDİRNE/UZKÖPRÜ,14639,"PTB TARIM ÜRÜNLERİ LİSANSLI DEPOCULUK A.Ş.",ANKARA/POLATLI,17500,683,164,2068,2232,2861,629
"BUĞDAY EKMEKLİK BEYAZ 2.SINIF","ALTINAGRO TARIM ÜRÜNLERİ LİSANSLI DEPOCULUK A.Ş.",ADANA/CEYHAN,14241,"GÖZÜKARA AGRO TARIM ÜRÜNLERİ LİSANSLI DEPOCULUK A.Ş.",ADANA/YÜREĞİR,15200,55,164,167,331,959,628
"BUĞDAY EKMEKLİK KIRMIZI 3.SINIF","ÖZAKAN TARIM ÜRÜNLERİ LİSANSLI DEPOCULUK A.Ş.",KONYA/CBEYLİ,14600,"PTB TARIM ÜRÜNLERİ LİSANSLI DEPOCULUK A.Ş.",ANKARA/POLATLI,16148,251,164,760,923,1548,625
"MISIR 2.SINIF","BİZİM TARIM ÜRÜNLERİ LİSANSLI DEPOCULUK A.Ş.",KARAMAN/MERKEZ,13191,"TOPRAK TARIM ÜRÜNLERİ LİSANSLI DEPOCULUK A.Ş.",KARAMAN/KKBEKIR,14319,112,164,341,504,1128,624
"BUĞDAY EKMEKLİK KIRMIZI DÜŞÜK VASIFLI","ALTINBİLEK TARIM ÜRÜNLERİ LİSANSLI DEPOCULUK A.Ş.",ESKİŞEHİR/ÇİFTELER,14260,"PTB TARIM ÜRÜNLERİ LİSANSLI DEPOCULUK A.Ş.",ANKARA/POLATLI,15430,127,164,384,548,1170,622
"MISIR 1.SINIF","ANADOLU SELÇUKLU TARIM ÜRÜNLERİ LİSANSLI DEPOCULUK A.Ş.",KONYA/KARATAY,13079,"ŞİMŞEKLİ TARIM ÜRÜNLERİ LİSANSLI DEPOCULUK SANAYİ VE TİCARET A.Ş.",KONYA/KPINAR,13868,1,164,4,167,788,621
"MISIR 1.SINIF","ÖZEKİZLER AGRO TARIM ÜRÜNLERİ LİSANSLI DEPOCULUK A.Ş.",ADANA/SARIÇAM,12417,"ŞİMALA TARIM ÜRÜNLERİ LİSANSLI DEPOCULUK SANAYİ VE TİCARET A.Ş.",KONYA/ÇUMRA,14143,311,164,942,1106,1727,621
"BUĞDAY EKMEKLİK BEYAZ 2.SINIF","TEKBAŞLAR TARIM ÜRÜNLERİ LİSANSLI DEPOCULUK A.Ş.",ADANA/YÜREĞİR,14253,"ERK LİDAŞ TARIM ÜRÜNLERİ LİSANSLI DEPOCULUK A.Ş.",KONYA/AEKİN,16100,351,164,1063,1227,1847,620
"MISIR 2.SINIF","ANADOLU SELÇUKLU TARIM ÜRÜNLERİ LİSANSLI DEPOCULUK A.Ş.",KONYA/ÇUMRA,14055,"KOÇAKER LİDAŞ TARIM ÜRÜNLERİ LİSANSLI DEPOCULUK A.Ş.",KONYA/KARATAY,15000,54,164,163,327,945,619
"MISIR 1.SINIF","TEKBAŞLAR TARIM ÜRÜNLERİ LİSANSLI DEPOCULUK A.Ş.",ADANA/YÜREĞİR,12726,"KAİNAT TARIM ÜRÜNLERİ LİSANSLI DEPOCULUK A.Ş.",KARAMAN/MERKEZ,14400,296,164,896,1060,1674,614
"MISIR 1.SINIF","SARILAR LİDAŞ TARIM ÜRÜNLERİ LİSANSLI DEPOCULUK A.Ş.",ADANA/KİSALI,12447,"ŞİMALA TARIM ÜRÜNLERİ LİSANSLI DEPOCULUK SANAYİ VE TİCARET A.Ş.",KONYA/ÇUMRA,14143,304,164,922,1085,1697,611
"MISIR 1.SINIF","GRAİN TARIM ÜRÜNLERİ LİSANSLI DEPOCULUK A.Ş.",HATAY/KIRIKHAN,12200,"KÖSEOĞLU AGRO TARIM ÜRÜNLERİ LİSANSLI DEPOCULUK A.Ş.",ADANA/YÜREĞİR,13387,138,164,418,581,1187,606
"MISIR 1.SINIF","ÖNTÜRK TARIM ÜRÜNLERİ LİSANSLI DEPOCULUK A.Ş.",HATAY/KIRIKHAN,12200,"KÖSEOĞLU AGRO TARIM ÜRÜNLERİ LİSANSLI DEPOCULUK A.Ş.",ADANA/YÜREĞİR,13387,138,164,418,581,1187,606
"MISIR 1.SINIF","TEAM TARIM ÜRÜNLERİ LİSANSLI DEPOCULUK A.Ş.",OSMANİYE/KADİRLİ,12267,"KÖSEOĞLU AGRO TARIM ÜRÜNLERİ LİSANSLI DEPOCULUK A.Ş.",ADANA/YÜREĞİR,13387,117,164,355,519,1120,602
"BUĞDAY EKMEKLİK KIRMIZI 3.SINIF","KAYSERİ ŞEKER TARIM ÜRÜNLERİ LİSANSLI DEPOCULUK A.Ş.",YOZGAT/BLIYAN,14225,"ŞİMALA TARIM ÜRÜNLERİ LİSANSLI DEPOCULUK SANAYİ VE TİCARET A.Ş.",KONYA/KARATAY,16200,402,164,1217,1381,1975,594
"BUĞDAY EKMEKLİK KIRMIZI 2.SINIF","ALTINBİLEK TARIM ÜRÜNLERİ LİSANSLI DEPOCULUK A.Ş.",ESKİŞEHİR/ALPU,14417,"MİLL STAR LİDAŞ TARIM ÜRÜNLERİ LİSANSLI DEPOCULUK A.Ş.",KONYA/ÇELTİK,15624,149,164,452,615,1206,591
"BUĞDAY EKMEKLİK KIRMIZI 1.SINIF","KARAMAN TİCARET BORSASI TARIM ÜRÜNLERİ LİSANSLI DEPOCULUK A.Ş.",KARAMAN/MERKEZ,16700,"ANADOLU SELÇUKLU TARIM ÜRÜNLERİ LİSANSLI DEPOCULUK A.Ş.",KONYA/KPINAR,18066,203,164,614,777,1366,589
"BUĞDAY EKMEKLİK KIRMIZI 1.SINIF","ŞİMŞEKLİ TARIM ÜRÜNLERİ LİSANSLI DEPOCULUK SANAYİ VE TİCARET A.Ş.",KONYA/KPINAR,17195,"KOÇAKER LİDAŞ TARIM ÜRÜNLERİ LİSANSLI DEPOCULUK A.Ş.",KONYA/KARATAY,17950,1,164,4,167,755,588
"ARPA 2.SINIF","KUŞAT TARIM ÜRÜNLERİ LİSANSLI DEPOCULUK A.Ş.",KAYSERİ/FELAHİYE,10384,"HEKİMOĞLU TARIM ÜRÜNLERİ LİSANSLI DEPOCULUK SANAYİ VE TİCARET A.Ş.",KONYA/SELÇUKLU,12315,390,164,1182,1345,1931,586
"ARPA 2.SINIF","MYSİLO TARIM ÜRÜNLERİ LİSANSLI DEPOCULUK A.Ş.",ESKİŞEHİR/MMUDİYE,11300,"ANADOLU SELÇUKLU TARIM ÜRÜNLERİ LİSANSLI DEPOCULUK A.Ş.",KONYA/KPINAR,13120,353,164,1071,1234,1820,586
"MISIR 1.SINIF","SAFİRTAŞ TARIM ÜRÜNLERİ LİSANSLI DEPOCULUK A.Ş.",KAHRAMANMARAŞ/TÜRKOĞLU,12200,"KAİNAT TARIM ÜRÜNLERİ LİSANSLI DEPOCULUK A.Ş.",KARAMAN/MERKEZ,14400,479,164,1452,1615,2200,585
"MISIR 2.SINIF","KENAN ECER TARIM ÜRÜNLERİ LİSANSLI DEPOCULUK A.Ş.",KONYA/EMİRGAZİ,12249,"RANA FARM TARIM ÜRÜNLERİ LİSANSLI DEPOCULUK A.Ş.",KARAMAN/MERKEZ,13696,232,164,702,865,1447,582
"BUĞDAY EKMEKLİK KIRMIZI 2.SINIF","ESLİDAŞ TARIM ÜRÜNLERİ LİSANSLI DEPOCULUK SANAYİ VE TİCARET A.Ş.",EDİRNE/UZKÖPRÜ,14639,"HİCAZ TARIM ÜRÜNLERİ LİSANSLI DEPOCULUK A.Ş.",TEKİRDAĞ/ÇORLU,15847,154,164,467,631,1208,577
"MISIR 2.SINIF","TAŞKIRAN LİDAŞ TARIM ÜRÜNLERİ LİSANSLI DEPOCULUK A.Ş.",KONYA/ÇUMRA,12313,"İSMAİL HAKKI KUMARTAŞLI TARIM ÜRÜNLERİ LİSANSLI DEPOCULUK A.Ş.",AFYONKARAHİSAR/EMİRDAĞ,13898,280,164,847,1010,1585,575
"MISIR 1.SINIF","KOÇAKER LİDAŞ TARIM ÜRÜNLERİ LİSANSLI DEPOCULUK A.Ş.",KONYA/KARATAY,12870,"KAHVECİ AGRO TARIM ÜRÜNLERİ LİSANSLI DEPOCULUK SANAYİ TİCARET A.Ş.",KONYA/SARAYÖNÜ,13780,57,164,172,335,910,575
"BUĞDAY MAKARNALIK 2.SINIF","POLAT AGRO TARIM ÜRÜNLERİ LİSANSLI DEPOCULUK A.Ş.",NEVŞEHİR/KOZAKLI,14000,"KAYSERİ ŞEKER TARIM ÜRÜNLERİ LİSANSLI DEPOCULUK A.Ş.",YOZGAT/BLIYAN,14993,85,164,257,421,993,573
"BUĞDAY EKMEKLİK BEYAZ 2.SINIF","ALTINAGRO TARIM ÜRÜNLERİ LİSANSLI DEPOCULUK A.Ş.",ADANA/CEYHAN,14241,"BAĞIŞLAR TARIM ÜRÜNLERİ LİSANSLI DEPOCULUK A.Ş.",ADANA/İMAMOĞLU,15092,38,164,115,279,851,572
"ARPA 1.SINIF","MERZİFON TARIM ÜRÜNLERİ LİSANSLI DEPOCULUK A.Ş.",AMASYA/MERZİFON,10921,"KAHVECİ AGRO TARIM ÜRÜNLERİ LİSANSLI DEPOCULUK SANAYİ TİCARET A.Ş.",KONYA/SARAYÖNÜ,13196,509,164,1542,1706,2275,569
"MISIR 1.SINIF","KAYA LİDAŞ TARIM ÜRÜNLERİ LİSANSLI DEPOCULUK A.Ş.",MERSİN/TARSUS,12497,"KÖSEOĞLU AGRO TARIM ÜRÜNLERİ LİSANSLI DEPOCULUK A.Ş.",ADANA/YÜREĞİR,13387,53,164,159,323,890,568
"MISIR 1.SINIF","SÖNMEZLERAGRO TARIM ÜRÜNLERİ LİSANSLI DEPOCULUK A.Ş.",ADANA/YÜREĞİR,12488,"ŞİMALA TARIM ÜRÜNLERİ LİSANSLI DEPOCULUK SANAYİ VE TİCARET A.Ş.",KONYA/ÇUMRA,14143,306,164,926,1090,1656,566
"MISIR 1.SINIF","AĞALAR TARIM ÜRÜNLERİ LİSANSLI DEPOCULUK A.Ş.",KONYA/KARATAY,12200,"AVS AGRO TARIM ÜRÜNLERİ LİSANSLI DEPOCULUK A.Ş.",KONYA/ÇUMRA,13091,54,164,163,327,891,564
"MISIR 1.SINIF","İSMAİL HAKAN BALTAOĞLU TARIM ÜRÜNLERİ LİSANSLI DEPOCULUK A.Ş.",KONYA/KPINAR,12349,"ANADOLU SELÇUKLU TARIM ÜRÜNLERİ LİSANSLI DEPOCULUK A.Ş.",KONYA/KARATAY,13079,1,164,4,167,731,563
"BUĞDAY EKMEKLİK KIRMIZI 2.SINIF","EDİRNE TARIM ÜRÜNLERİ LİSANSLI DEPOCULUK A.Ş.",EDİRNE/MERKEZ,14705,"PTB TARIM ÜRÜNLERİ LİSANSLI DEPOCULUK A.Ş.",ANKARA/POLATLI,17500,683,164,2068,2232,2795,563
"MISIR 1.SINIF","TEAM TARIM ÜRÜNLERİ LİSANSLI DEPOCULUK A.Ş.",KONYA/KPINAR,12200,"AVS AGRO TARIM ÜRÜNLERİ LİSANSLI DEPOCULUK A.Ş.",KONYA/ÇUMRA,13091,55,164,166,330,891,561
"MISIR 1.SINIF","YUSUF ZENGİN TARIM ÜRÜNLERİ LİSANSLI DEPOCULUK A.Ş.",KONYA/KPINAR,12200,"AVS AGRO TARIM ÜRÜNLERİ LİSANSLI DEPOCULUK A.Ş.",KONYA/ÇUMRA,13091,55,164,166,330,891,561
"MISIR 1.SINIF","ANADOLU SELÇUKLU TARIM ÜRÜNLERİ LİSANSLI DEPOCULUK A.Ş.",KONYA/KPINAR,12200,"AVS AGRO TARIM ÜRÜNLERİ LİSANSLI DEPOCULUK A.Ş.",KONYA/ÇUMRA,13091,55,164,166,330,891,561
"BUĞDAY EKMEKLİK KIRMIZI DÜŞÜK VASIFLI","POLAT AGRO TARIM ÜRÜNLERİ LİSANSLI DEPOCULUK A.Ş.",YOZGAT/BLIYAN,13308,"ANADOLU SELÇUKLU TARIM ÜRÜNLERİ LİSANSLI DEPOCULUK A.Ş.",KONYA/KPINAR,15250,402,164,1219,1383,1942,559
"ARPA 2.SINIF","HEKİMOĞLU TARIM ÜRÜNLERİ LİSANSLI DEPOCULUK SANAYİ VE TİCARET A.Ş.",KONYA/SELÇUKLU,12315,"ANADOLU SELÇUKLU TARIM ÜRÜNLERİ LİSANSLI DEPOCULUK A.Ş.",KONYA/KARATAY,13036,2,164,6,170,721,551
"MISIR 1.SINIF","AĞALAR TARIM ÜRÜNLERİ LİSANSLI DEPOCULUK A.Ş.",KONYA/KARATAY,12200,"BİZİM TARIM ÜRÜNLERİ LİSANSLI DEPOCULUK A.Ş.",KARAMAN/MERKEZ,13524,202,164,612,776,1324,548
"ARPA 2.SINIF","MYSİLO TARIM ÜRÜNLERİ LİSANSLI DEPOCULUK A.Ş.",ESKİŞEHİR/MMUDİYE,11300,"ALTINBİLEK TARIM ÜRÜNLERİ LİSANSLI DEPOCULUK A.Ş.",ESKİŞEHİR/ALPU,12157,48,164,146,310,857,547
"MISIR 1.SINIF","TEAM TARIM ÜRÜNLERİ LİSANSLI DEPOCULUK A.Ş.",KONYA/KPINAR,12200,"BİZİM TARIM ÜRÜNLERİ LİSANSLI DEPOCULUK A.Ş.",KARAMAN/MERKEZ,13524,203,164,614,777,1324,546
"MISIR 1.SINIF","YUSUF ZENGİN TARIM ÜRÜNLERİ LİSANSLI DEPOCULUK A.Ş.",KONYA/KPINAR,12200,"BİZİM TARIM ÜRÜNLERİ LİSANSLI DEPOCULUK A.Ş.",KARAMAN/MERKEZ,13524,203,164,614,777,1324,546
"MISIR 1.SINIF","ANADOLU SELÇUKLU TARIM ÜRÜNLERİ LİSANSLI DEPOCULUK A.Ş.",KONYA/KPINAR,12200,"BİZİM TARIM ÜRÜNLERİ LİSANSLI DEPOCULUK A.Ş.",KARAMAN/MERKEZ,13524,203,164,614,777,1324,546
"MISIR 1.SINIF","ANADOLU SELÇUKLU TARIM ÜRÜNLERİ LİSANSLI DEPOCULUK A.Ş.",KONYA/KARATAY,13079,"KAİNAT TARIM ÜRÜNLERİ LİSANSLI DEPOCULUK A.Ş.",KARAMAN/MERKEZ,14400,202,164,612,776,1321,545
"ARPA 1.SINIF","KOÇAKER LİDAŞ TARIM ÜRÜNLERİ LİSANSLI DEPOCULUK A.Ş.",KONYA/KARATAY,12319,"KAHVECİ AGRO TARIM ÜRÜNLERİ LİSANSLI DEPOCULUK SANAYİ TİCARET A.Ş.",KONYA/SARAYÖNÜ,13196,57,164,172,335,877,542
"MISIR 1.SINIF","AĞALAR TARIM ÜRÜNLERİ LİSANSLI DEPOCULUK A.Ş.",KONYA/KARATAY,12200,"TOPRAK TARIM ÜRÜNLERİ LİSANSLI DEPOCULUK A.Ş.",KONYA/ÇUMRA,13068,54,164,163,327,868,541
"MISIR 1.SINIF","TEAM TARIM ÜRÜNLERİ LİSANSLI DEPOCULUK A.Ş.",KONYA/KPINAR,12200,"TOPRAK TARIM ÜRÜNLERİ LİSANSLI DEPOCULUK A.Ş.",KONYA/ÇUMRA,13068,55,164,166,330,868,538
"MISIR 1.SINIF","YUSUF ZENGİN TARIM ÜRÜNLERİ LİSANSLI DEPOCULUK A.Ş.",KONYA/KPINAR,12200,"TOPRAK TARIM ÜRÜNLERİ LİSANSLI DEPOCULUK A.Ş.",KONYA/ÇUMRA,13068,55,164,166,330,868,538
"MISIR 1.SINIF","ANADOLU SELÇUKLU TARIM ÜRÜNLERİ LİSANSLI DEPOCULUK A.Ş.",KONYA/KPINAR,12200,"TOPRAK TARIM ÜRÜNLERİ LİSANSLI DEPOCULUK A.Ş.",KONYA/ÇUMRA,13068,55,164,166,330,868,538
"MISIR 1.SINIF","TEAM TARIM ÜRÜNLERİ LİSANSLI DEPOCULUK A.Ş.",OSMANİYE/KADİRLİ,12267,"ŞİMALA TARIM ÜRÜNLERİ LİSANSLI DEPOCULUK SANAYİ VE TİCARET A.Ş.",KONYA/ÇUMRA,14143,388,164,1177,1340,1877,536
"MISIR 1.SINIF","GRAİN TARIM ÜRÜNLERİ LİSANSLI DEPOCULUK A.Ş.",HATAY/KIRIKHAN,12200,"TARSUS TİCARET BORSASI TARIM ÜRÜNLERİ LİSANSLI DEPOCULUK A.Ş.",MERSİN/TARSUS,13443,180,164,546,710,1243,533
"MISIR 1.SINIF","ÖNTÜRK TARIM ÜRÜNLERİ LİSANSLI DEPOCULUK A.Ş.",HATAY/KIRIKHAN,12200,"TARSUS TİCARET BORSASI TARIM ÜRÜNLERİ LİSANSLI DEPOCULUK A.Ş.",MERSİN/TARSUS,13443,180,164,546,710,1243,533
"BUĞDAY EKMEKLİK KIRMIZI 1.SINIF","YUSUF ZENGİN TARIM ÜRÜNLERİ LİSANSLI DEPOCULUK A.Ş.",KONYA/KPINAR,16761,"ANADOLU SELÇUKLU TARIM ÜRÜNLERİ LİSANSLI DEPOCULUK A.Ş.",KONYA/KARATAY,17460,1,164,4,167,699,531
"MISIR 1.SINIF","ATB ÇUKUROVA TARIM ÜRÜNLERİ LİSANSLI DEPOCULUK A.Ş.",ADANA/YÜREĞİR,12200,"GK LİDAŞ TARIM ÜRÜNLERİ LİSANSLI DEPOCULUK A.Ş.",OSMANİYE/KADİRLİ,13250,117,164,355,519,1050,531
"MISIR 1.SINIF","GÖZÜKARA AGRO TARIM ÜRÜNLERİ LİSANSLI DEPOCULUK A.Ş.",ADANA/YÜREĞİR,12200,"GK LİDAŞ TARIM ÜRÜNLERİ LİSANSLI DEPOCULUK A.Ş.",OSMANİYE/KADİRLİ,13250,117,164,355,519,1050,531
"MISIR 2.SINIF","RANA FARM TARIM ÜRÜNLERİ LİSANSLI DEPOCULUK A.Ş.",KARAMAN/MERKEZ,13696,"KOÇAKER LİDAŞ TARIM ÜRÜNLERİ LİSANSLI DEPOCULUK A.Ş.",KONYA/KARATAY,15000,202,164,612,776,1304,529
"MISIR 1.SINIF","UMUT LİDAŞ TARIM ÜRÜNLERİ LİSANSLI DEPOCULUK A.Ş.",OSMANİYE/MERKEZ,12200,"TARSUS TİCARET BORSASI TARIM ÜRÜNLERİ LİSANSLI DEPOCULUK A.Ş.",MERSİN/TARSUS,13443,182,164,552,716,1243,528
"ARPA 1.SINIF","MERZİFON TARIM ÜRÜNLERİ LİSANSLI DEPOCULUK A.Ş.",AMASYA/MERZİFON,10921,"ALTUNTAŞ TARIM ÜRÜNLERİ LİSANSLI DEPOCULUK A.Ş.",AKSARAY/AĞAÇÖREN,12631,337,164,1020,1183,1710,527
"MISIR 1.SINIF","ÇUKUROVATOPRAK TARIM ÜRÜNLERİ LİSANSLI DEPOCULUK A.Ş.",ADANA/KARATAŞ,12528,"TARSUS TİCARET BORSASI TARIM ÜRÜNLERİ LİSANSLI DEPOCULUK A.Ş.",MERSİN/TARSUS,13443,76,164,231,394,915,521
"BUĞDAY EKMEKLİK BEYAZ 2.SINIF","GRAİN TARIM ÜRÜNLERİ LİSANSLI DEPOCULUK A.Ş.",HATAY/KIRIKHAN,13700,"KÖSEOĞLU AGRO TARIM ÜRÜNLERİ LİSANSLI DEPOCULUK A.Ş.",ADANA/YÜREĞİR,14801,138,164,418,581,1101,520
"ARPA 2.SINIF","KUŞAT TARIM ÜRÜNLERİ LİSANSLI DEPOCULUK A.Ş.",KAYSERİ/FELAHİYE,10384,"KAİNAT TARIM ÜRÜNLERİ LİSANSLI DEPOCULUK A.Ş.",KARAMAN/MERKEZ,12537,485,164,1470,1634,2153,519
"BUĞDAY EKMEKLİK KIRMIZI 2.SINIF","BANDIRMA BORSA TARIM ÜRÜNLERİ LİSANSLI DEPOCULUK A.Ş.",BALIKESİR/BANDIRMA,15382,"PTB TARIM ÜRÜNLERİ LİSANSLI DEPOCULUK A.Ş.",ANKARA/POLATLI,17500,475,164,1440,1603,2118,515
"BUĞDAY EKMEKLİK BEYAZ 2.SINIF","TEKBAŞLAR TARIM ÜRÜNLERİ LİSANSLI DEPOCULUK A.Ş.",ADANA/YÜREĞİR,14253,"BAĞIŞLAR TARIM ÜRÜNLERİ LİSANSLI DEPOCULUK A.Ş.",ADANA/İMAMOĞLU,15092,54,164,162,326,839,513
"BUĞDAY EKMEKLİK KIRMIZI 2.SINIF","KAİNAT TARIM ÜRÜNLERİ LİSANSLI DEPOCULUK A.Ş.",KIRKLARELİ/PHİSAR,14600,"MYSİLO TARIM ÜRÜNLERİ LİSANSLI DEPOCULUK A.Ş.",KIRKLARELİ/MERKEZ,15401,41,164,125,289,801,512
"BUĞDAY EKMEKLİK KIRMIZI 2.SINIF","EDİRNE TARIM ÜRÜNLERİ LİSANSLI DEPOCULUK A.Ş.",EDİRNE/MERKEZ,14705,"HİCAZ TARIM ÜRÜNLERİ LİSANSLI DEPOCULUK A.Ş.",TEKİRDAĞ/ÇORLU,15847,154,164,467,631,1141,510
"MISIR 1.SINIF","ÇUKUROVATOPRAK TARIM ÜRÜNLERİ LİSANSLI DEPOCULUK A.Ş.",ADANA/KARATAŞ,12528,"KÖSEOĞLU AGRO TARIM ÜRÜNLERİ LİSANSLI DEPOCULUK A.Ş.",ADANA/YÜREĞİR,13387,62,164,187,350,859,509
"BUĞDAY MAKARNALIK DÜŞÜK VASIFLI","SENTİNUS TARIM ÜRÜNLERİ LİSANSLI DEPOCULUK A.Ş.",ŞANLIURFA/HİLVAN,15254,"GAP ŞANLIURFA TARIM ÜRÜNLERİ LİSANSLI DEPOCULUK A.Ş.",ŞANLIURFA/EYYÜBİYE,16127,66,164,201,365,873,509
"MISIR 1.SINIF","TEAM TARIM ÜRÜNLERİ LİSANSLI DEPOCULUK A.Ş.",OSMANİYE/KADİRLİ,12267,"TARSUS TİCARET BORSASI TARIM ÜRÜNLERİ LİSANSLI DEPOCULUK A.Ş.",MERSİN/TARSUS,13443,167,164,505,668,1176,508
"MISIR 1.SINIF","AĞALAR TARIM ÜRÜNLERİ LİSANSLI DEPOCULUK A.Ş.",KONYA/KARATAY,12200,"KOÇAKER LİDAŞ TARIM ÜRÜNLERİ LİSANSLI DEPOCULUK A.Ş.",KONYA/KARATAY,12870,0,164,0,164,670,506
"BUĞDAY MAKARNALIK DÜŞÜK VASIFLI","KAYSERİ ŞEKER TARIM ÜRÜNLERİ LİSANSLI DEPOCULUK A.Ş.",YOZGAT/BLIYAN,13787,"GAP ŞANLIURFA TARIM ÜRÜNLERİ LİSANSLI DEPOCULUK A.Ş.",ŞANLIURFA/EYYÜBİYE,16127,552,164,1673,1836,2340,504
"BUĞDAY MAKARNALIK DÜŞÜK VASIFLI","KUŞAT TARIM ÜRÜNLERİ LİSANSLI DEPOCULUK A.Ş.",KAYSERİ/FELAHİYE,13250,"SENTİNUS TARIM ÜRÜNLERİ LİSANSLI DEPOCULUK A.Ş.",ŞANLIURFA/HİLVAN,15254,441,164,1337,1500,2004,503
"MISIR 1.SINIF","HİKMET ŞEFLEK TARIM ÜRÜNLERİ LİSANSLI DEPOCULUK A.Ş.",KONYA/SARAYÖNÜ,12241,"ANADOLU SELÇUKLU TARIM ÜRÜNLERİ LİSANSLI DEPOCULUK A.Ş.",KONYA/KARATAY,13079,57,164,172,335,839,503
"BUĞDAY EKMEKLİK KIRMIZI 2.SINIF","ESLİDAŞ TARIM ÜRÜNLERİ LİSANSLI DEPOCULUK SANAYİ VE TİCARET A.Ş.",EDİRNE/UZKÖPRÜ,14639,"ESLİDAŞ TARIM ÜRÜNLERİ LİSANSLI DEPOCULUK SANAYİ VE TİCARET A.Ş.",EDİRNE/HAVSA,15408,34,164,102,266,769,503
"MISIR 1.SINIF","TEAM TARIM ÜRÜNLERİ LİSANSLI DEPOCULUK A.Ş.",KONYA/KPINAR,12200,"KOÇAKER LİDAŞ TARIM ÜRÜNLERİ LİSANSLI DEPOCULUK A.Ş.",KONYA/KARATAY,12870,1,164,4,167,670,503
"MISIR 1.SINIF","YUSUF ZENGİN TARIM ÜRÜNLERİ LİSANSLI DEPOCULUK A.Ş.",KONYA/KPINAR,12200,"KOÇAKER LİDAŞ TARIM ÜRÜNLERİ LİSANSLI DEPOCULUK A.Ş.",KONYA/KARATAY,12870,1,164,4,167,670,503
"MISIR 1.SINIF","ANADOLU SELÇUKLU TARIM ÜRÜNLERİ LİSANSLI DEPOCULUK A.Ş.",KONYA/KPINAR,12200,"KOÇAKER LİDAŞ TARIM ÜRÜNLERİ LİSANSLI DEPOCULUK A.Ş.",KONYA/KARATAY,12870,1,164,4,167,670,503
"BUĞDAY MAKARNALIK DÜŞÜK VASIFLI","YENİ PAZAR TARIM ÜRÜNLERİ LİSANSLI DEPOCULUK A.Ş.",YOZGAT/BLIYAN,13789,"GAP ŞANLIURFA TARIM ÜRÜNLERİ LİSANSLI DEPOCULUK A.Ş.",ŞANLIURFA/EYYÜBİYE,16127,552,164,1673,1836,2338,502
"BUĞDAY EKMEKLİK KIRMIZI 1.SINIF","RANA FARM TARIM ÜRÜNLERİ LİSANSLI DEPOCULUK A.Ş.",KARAMAN/MERKEZ,16790,"ANADOLU SELÇUKLU TARIM ÜRÜNLERİ LİSANSLI DEPOCULUK A.Ş.",KONYA/KPINAR,18066,203,164,614,777,1276,499
"MISIR 1.SINIF","UMUT LİDAŞ TARIM ÜRÜNLERİ LİSANSLI DEPOCULUK A.Ş.",OSMANİYE/MERKEZ,12200,"ŞİMALA TARIM ÜRÜNLERİ LİSANSLI DEPOCULUK SANAYİ VE TİCARET A.Ş.",KONYA/ÇUMRA,14143,423,164,1281,1445,1943,499
"ARPA 2.SINIF","MYSİLO TARIM ÜRÜNLERİ LİSANSLI DEPOCULUK A.Ş.",ESKİŞEHİR/MMUDİYE,11300,"ANADOLU SELÇUKLU TARIM ÜRÜNLERİ LİSANSLI DEPOCULUK A.Ş.",KONYA/KARATAY,13036,354,164,1074,1237,1736,499
"MISIR 1.SINIF","TEKBAŞLAR TARIM ÜRÜNLERİ LİSANSLI DEPOCULUK A.Ş.",ADANA/YÜREĞİR,12726,"KÖSEOĞLU AGRO TARIM ÜRÜNLERİ LİSANSLI DEPOCULUK A.Ş.",ADANA/YÜREĞİR,13387,0,164,0,164,661,498
"MISIR 1.SINIF","AL LİDAŞ TARIM ÜRÜNLERİ LİSANSLI DEPOCULUK A.Ş.",KAHRAMANMARAŞ/PAZARCIK,12200,"GK LİDAŞ TARIM ÜRÜNLERİ LİSANSLI DEPOCULUK A.Ş.",OSMANİYE/KADİRLİ,13250,129,164,390,553,1050,497
"MISIR 1.SINIF","NARLI TARIM ÜRÜNLERİ LİSANSLI DEPOCULUK A.Ş.",KAHRAMANMARAŞ/PAZARCIK,12200,"GK LİDAŞ TARIM ÜRÜNLERİ LİSANSLI DEPOCULUK A.Ş.",OSMANİYE/KADİRLİ,13250,129,164,390,553,1050,497
"BUĞDAY EKMEKLİK KIRMIZI 2.SINIF","KAİNAT TARIM ÜRÜNLERİ LİSANSLI DEPOCULUK A.Ş.",KIRKLARELİ/PHİSAR,14600,"TRAKYA EVREN TARIM ÜRÜNLERİ LİSANSLI DEPOCULUK A.Ş.",TEKİRDAĞ/SPAŞA,15545,94,164,285,449,945,497
"BUĞDAY EKMEKLİK KIRMIZI 2.SINIF","KAİNAT TARIM ÜRÜNLERİ LİSANSLI DEPOCULUK A.Ş.",KIRKLARELİ/PHİSAR,14600,"LÜLEBURGAZ TARIM ÜRÜNLERİ LİSANSLI DEPOCULUK A.Ş.",KIRKLARELİ/LBURGAZ,15259,0,164,0,164,659,496
"MISIR 1.SINIF","TOPRAK TARIM ÜRÜNLERİ LİSANSLI DEPOCULUK A.Ş.",KONYA/AEKİN,12545,"ANADOLU SELÇUKLU TARIM ÜRÜNLERİ LİSANSLI DEPOCULUK A.Ş.",KONYA/YUNAK,13648,147,164,445,609,1103,494
"ARPA 1.SINIF","HASANOĞULLARI LİDAŞ TARIM ÜRÜNLERİ LİSANSLI DEPOCULUK A.Ş.",AKSARAY/ORTAKÖY,11939,"KAHVECİ AGRO TARIM ÜRÜNLERİ LİSANSLI DEPOCULUK SANAYİ TİCARET A.Ş.",KONYA/SARAYÖNÜ,13196,198,164,599,763,1257,494
"BUĞDAY EKMEKLİK BEYAZ 2.SINIF","GRAİN TARIM ÜRÜNLERİ LİSANSLI DEPOCULUK A.Ş.",HATAY/KIRIKHAN,13700,"KAYA LİDAŞ TARIM ÜRÜNLERİ LİSANSLI DEPOCULUK A.Ş.",MERSİN/TARSUS,14900,180,164,546,710,1200,490
"MISIR 1.SINIF","TOPRAK TARIM ÜRÜNLERİ LİSANSLI DEPOCULUK A.Ş.",KONYA/KHANI,12275,"AVS AGRO TARIM ÜRÜNLERİ LİSANSLI DEPOCULUK A.Ş.",KONYA/ÇUMRA,13091,55,164,166,330,815,486
"BUĞDAY EKMEKLİK BEYAZ 2.SINIF","ALTINAGRO TARIM ÜRÜNLERİ LİSANSLI DEPOCULUK A.Ş.",ADANA/CEYHAN,14241,"ERK LİDAŞ TARIM ÜRÜNLERİ LİSANSLI DEPOCULUK A.Ş.",KONYA/AEKİN,16100,401,164,1214,1377,1859,481
"ARPA 2.SINIF","KOÇAKER LİDAŞ TARIM ÜRÜNLERİ LİSANSLI DEPOCULUK A.Ş.",KONYA/KARATAY,12473,"ANADOLU SELÇUKLU TARIM ÜRÜNLERİ LİSANSLI DEPOCULUK A.Ş.",KONYA/KPINAR,13120,1,164,4,167,647,480
"MISIR 2.SINIF","SAVRANLAR TARIM ÜRÜNLERİ LİSANSLI DEPOCULUK A.Ş.",AKSARAY/ESKİL,12200,"RANA FARM TARIM ÜRÜNLERİ LİSANSLI DEPOCULUK A.Ş.",KARAMAN/MERKEZ,13696,282,164,854,1017,1496,479
"MISIR 2.SINIF","KAİNAT TARIM ÜRÜNLERİ LİSANSLI DEPOCULUK A.Ş.",KARAMAN/MERKEZ,13337,"TOPRAK TARIM ÜRÜNLERİ LİSANSLI DEPOCULUK A.Ş.",KARAMAN/KKBEKIR,14319,112,164,341,504,982,478
"BUĞDAY EKMEKLİK KIRMIZI 1.SINIF","KARAMAN TİCARET BORSASI TARIM ÜRÜNLERİ LİSANSLI DEPOCULUK A.Ş.",KARAMAN/MERKEZ,16700,"KOÇAKER LİDAŞ TARIM ÜRÜNLERİ LİSANSLI DEPOCULUK A.Ş.",KONYA/KARATAY,17950,202,164,612,776,1250,474
"BUĞDAY EKMEKLİK KIRMIZI 2.SINIF","SÜPERSON TARIM ÜRÜNLERİ LİSANSLI DEPOCULUK A.Ş.",ANKARA/POLATLI,15405,"ŞİMŞEKLİ TARIM ÜRÜNLERİ LİSANSLI DEPOCULUK SANAYİ VE TİCARET A.Ş.",KONYA/KPINAR,16800,251,164,760,923,1395,471
"BUĞDAY EKMEKLİK KIRMIZI 2.SINIF","MİLL STAR LİDAŞ TARIM ÜRÜNLERİ LİSANSLI DEPOCULUK A.Ş.",KONYA/ÇELTİK,15624,"ŞİMŞEKLİ TARIM ÜRÜNLERİ LİSANSLI DEPOCULUK SANAYİ VE TİCARET A.Ş.",KONYA/KPINAR,16800,179,164,542,705,1176,471
"MISIR 1.SINIF","TOPRAK TARIM ÜRÜNLERİ LİSANSLI DEPOCULUK A.Ş.",KONYA/KHANI,12275,"BİZİM TARIM ÜRÜNLERİ LİSANSLI DEPOCULUK A.Ş.",KARAMAN/MERKEZ,13524,203,164,614,777,1248,471
"MISIR 1.SINIF","TOPRAK TARIM ÜRÜNLERİ LİSANSLI DEPOCULUK A.Ş.",KONYA/ÇUMRA,13068,"ŞİMŞEKLİ TARIM ÜRÜNLERİ LİSANSLI DEPOCULUK SANAYİ VE TİCARET A.Ş.",KONYA/KPINAR,13868,55,164,166,330,800,470
"BUĞDAY EKMEKLİK KIRMIZI 1.SINIF","EDİRNE TARIM ÜRÜNLERİ LİSANSLI DEPOCULUK A.Ş.",EDİRNE/MERKEZ,15378,"TMO TOBB TARIM ÜRÜNLERİ LİSANSLI DEPOCULUK SANAYİ VE TİCARET A.Ş.",TEKİRDAĞ/HBOLU,16395,127,164,385,548,1017,469
"MISIR 1.SINIF","SAFİRTAŞ TARIM ÜRÜNLERİ LİSANSLI DEPOCULUK A.Ş.",KAHRAMANMARAŞ/TÜRKOĞLU,12200,"KÖSEOĞLU AGRO TARIM ÜRÜNLERİ LİSANSLI DEPOCULUK A.Ş.",ADANA/YÜREĞİR,13387,184,164,557,720,1187,467
"MISIR 1.SINIF","TOPRAK TARIM ÜRÜNLERİ LİSANSLI DEPOCULUK A.Ş.",KONYA/KHANI,12275,"TOPRAK TARIM ÜRÜNLERİ LİSANSLI DEPOCULUK A.Ş.",KONYA/ÇUMRA,13068,55,164,166,330,792,463
"MISIR 1.SINIF","AĞALAR TARIM ÜRÜNLERİ LİSANSLI DEPOCULUK A.Ş.",KONYA/KARATAY,12200,"LARENDE TARIM ÜRÜNLERİ LİSANSLI DEPOCULUK A.Ş.",KARAMAN/MERKEZ,13436,202,164,612,776,1236,460
"MISIR 1.SINIF","GRAİN TARIM ÜRÜNLERİ LİSANSLI DEPOCULUK A.Ş.",HATAY/KIRIKHAN,12200,"GK LİDAŞ TARIM ÜRÜNLERİ LİSANSLI DEPOCULUK A.Ş.",OSMANİYE/KADİRLİ,13250,141,164,427,591,1050,459
"MISIR 1.SINIF","ÖNTÜRK TARIM ÜRÜNLERİ LİSANSLI DEPOCULUK A.Ş.",HATAY/KIRIKHAN,12200,"GK LİDAŞ TARIM ÜRÜNLERİ LİSANSLI DEPOCULUK A.Ş.",OSMANİYE/KADİRLİ,13250,141,164,427,591,1050,459
"MISIR 1.SINIF","TEAM TARIM ÜRÜNLERİ LİSANSLI DEPOCULUK A.Ş.",KONYA/KPINAR,12200,"LARENDE TARIM ÜRÜNLERİ LİSANSLI DEPOCULUK A.Ş.",KARAMAN/MERKEZ,13436,203,164,614,777,1236,458
"MISIR 1.SINIF","YUSUF ZENGİN TARIM ÜRÜNLERİ LİSANSLI DEPOCULUK A.Ş.",KONYA/KPINAR,12200,"LARENDE TARIM ÜRÜNLERİ LİSANSLI DEPOCULUK A.Ş.",KARAMAN/MERKEZ,13436,203,164,614,777,1236,458
"MISIR 1.SINIF","ANADOLU SELÇUKLU TARIM ÜRÜNLERİ LİSANSLI DEPOCULUK A.Ş.",KONYA/KPINAR,12200,"LARENDE TARIM ÜRÜNLERİ LİSANSLI DEPOCULUK A.Ş.",KARAMAN/MERKEZ,13436,203,164,614,777,1236,458
"ARPA 1.SINIF","HASANOĞULLARI LİDAŞ TARIM ÜRÜNLERİ LİSANSLI DEPOCULUK A.Ş.",AKSARAY/ORTAKÖY,11939,"ALTUNTAŞ TARIM ÜRÜNLERİ LİSANSLI DEPOCULUK A.Ş.",AKSARAY/AĞAÇÖREN,12631,24,164,72,236,693,457
"MISIR 2.SINIF","DOĞAL TAT AGRO TARIM ÜRÜNLERİ LİSANSLI DEPOCULUK A.Ş.",ŞANLIURFA/EYYÜBİYE,11800,"TOPRAK TARIM ÜRÜNLERİ LİSANSLI DEPOCULUK A.Ş.",KARAMAN/KKBEKIR,14319,627,164,1900,2063,2519,456
"MISIR 1.SINIF","AVS AGRO TARIM ÜRÜNLERİ LİSANSLI DEPOCULUK A.Ş.",KONYA/ÇUMRA,13091,"ŞİMŞEKLİ TARIM ÜRÜNLERİ LİSANSLI DEPOCULUK SANAYİ VE TİCARET A.Ş.",KONYA/KPINAR,13868,55,164,166,330,777,447
"MISIR 1.SINIF","GRAİN TARIM ÜRÜNLERİ LİSANSLI DEPOCULUK A.Ş.",HATAY/KIRIKHAN,12200,"ŞİMALA TARIM ÜRÜNLERİ LİSANSLI DEPOCULUK SANAYİ VE TİCARET A.Ş.",KONYA/ÇUMRA,14143,441,164,1336,1499,1943,444
"MISIR 1.SINIF","ÖNTÜRK TARIM ÜRÜNLERİ LİSANSLI DEPOCULUK A.Ş.",HATAY/KIRIKHAN,12200,"ŞİMALA TARIM ÜRÜNLERİ LİSANSLI DEPOCULUK SANAYİ VE TİCARET A.Ş.",KONYA/ÇUMRA,14143,441,164,1336,1499,1943,444
"MISIR 2.SINIF","KENAN ECER TARIM ÜRÜNLERİ LİSANSLI DEPOCULUK A.Ş.",KONYA/EMİRGAZİ,12249,"İSMAİL HAKKI KUMARTAŞLI TARIM ÜRÜNLERİ LİSANSLI DEPOCULUK A.Ş.",AFYONKARAHİSAR/EMİRDAĞ,13898,344,164,1042,1206,1650,444
"MISIR 1.SINIF","ÇUKUROVATOPRAK TARIM ÜRÜNLERİ LİSANSLI DEPOCULUK A.Ş.",ADANA/KARATAŞ,12528,"ŞİMALA TARIM ÜRÜNLERİ LİSANSLI DEPOCULUK SANAYİ VE TİCARET A.Ş.",KONYA/ÇUMRA,14143,333,164,1010,1173,1615,442
"MISIR 1.SINIF","ATB ÇUKUROVA TARIM ÜRÜNLERİ LİSANSLI DEPOCULUK A.Ş.",ADANA/YÜREĞİR,12200,"ŞİMŞEKLİ TARIM ÜRÜNLERİ LİSANSLI DEPOCULUK SANAYİ VE TİCARET A.Ş.",KONYA/KPINAR,13868,351,164,1063,1227,1668,441
"MISIR 1.SINIF","GÖZÜKARA AGRO TARIM ÜRÜNLERİ LİSANSLI DEPOCULUK A.Ş.",ADANA/YÜREĞİR,12200,"ŞİMŞEKLİ TARIM ÜRÜNLERİ LİSANSLI DEPOCULUK SANAYİ VE TİCARET A.Ş.",KONYA/KPINAR,13868,351,164,1063,1227,1668,441
"BUĞDAY EKMEKLİK KIRMIZI 1.SINIF","ANADOLU SELÇUKLU TARIM ÜRÜNLERİ LİSANSLI DEPOCULUK A.Ş.",KONYA/KARATAY,17460,"ANADOLU SELÇUKLU TARIM ÜRÜNLERİ LİSANSLI DEPOCULUK A.Ş.",KONYA/KPINAR,18066,1,164,4,167,606,439
"BUĞDAY EKMEKLİK KIRMIZI 2.SINIF","EDİRNE TARIM ÜRÜNLERİ LİSANSLI DEPOCULUK A.Ş.",EDİRNE/MERKEZ,14705,"ESLİDAŞ TARIM ÜRÜNLERİ LİSANSLI DEPOCULUK SANAYİ VE TİCARET A.Ş.",EDİRNE/HAVSA,15408,34,164,102,266,702,437
"BUĞDAY EKMEKLİK KIRMIZI 2.SINIF","ŞİMŞEKLİ TARIM ÜRÜNLERİ LİSANSLI DEPOCULUK SANAYİ VE TİCARET A.Ş.",KONYA/KPINAR,16800,"İSMAİL HAKAN BALTAOĞLU TARIM ÜRÜNLERİ LİSANSLI DEPOCULUK A.Ş.",KONYA/KPINAR,17400,0,164,0,164,600,436
"MISIR 1.SINIF","ATARLAR TARIM ÜRÜNLERİ LİSANSLI DEPOCULUK A.Ş.",AKSARAY/ESKİL,12200,"AYDINLAR AGRO TARIM ÜRÜNLERİ LİSANSLI DEPOCULUK A.Ş.",ADANA/KARATAŞ,13854,349,164,1057,1220,1654,434
"MISIR 1.SINIF","AL LİDAŞ TARIM ÜRÜNLERİ LİSANSLI DEPOCULUK A.Ş.",KAHRAMANMARAŞ/PAZARCIK,12200,"KAİNAT TARIM ÜRÜNLERİ LİSANSLI DEPOCULUK A.Ş.",KARAMAN/MERKEZ,14400,531,164,1609,1772,2200,428
"MISIR 1.SINIF","NARLI TARIM ÜRÜNLERİ LİSANSLI DEPOCULUK A.Ş.",KAHRAMANMARAŞ/PAZARCIK,12200,"KAİNAT TARIM ÜRÜNLERİ LİSANSLI DEPOCULUK A.Ş.",KARAMAN/MERKEZ,14400,531,164,1609,1772,2200,428
"ARPA 1.SINIF","POLAT AGRO TARIM ÜRÜNLERİ LİSANSLI DEPOCULUK A.Ş.",YOZGAT/BLIYAN,11476,"ALTUNTAŞ TARIM ÜRÜNLERİ LİSANSLI DEPOCULUK A.Ş.",AKSARAY/AĞAÇÖREN,12631,186,164,564,728,1156,428
"BUĞDAY EKMEKLİK KIRMIZI 3.SINIF","KAYSERİ ŞEKER TARIM ÜRÜNLERİ LİSANSLI DEPOCULUK A.Ş.",KAYSERİ/DEVELİ,15062,"ANADOLU SELÇUKLU TARIM ÜRÜNLERİ LİSANSLI DEPOCULUK A.Ş.",KONYA/KPINAR,16710,349,164,1057,1220,1648,428
"MISIR 1.SINIF","TOPRAK TARIM ÜRÜNLERİ LİSANSLI DEPOCULUK A.Ş.",KONYA/KHANI,12275,"KOÇAKER LİDAŞ TARIM ÜRÜNLERİ LİSANSLI DEPOCULUK A.Ş.",KONYA/KARATAY,12870,1,164,4,167,595,427
"ARPA 1.SINIF","MERZİFON TARIM ÜRÜNLERİ LİSANSLI DEPOCULUK A.Ş.",AMASYA/MERZİFON,10921,"ANADOLU SELÇUKLU TARIM ÜRÜNLERİ LİSANSLI DEPOCULUK A.Ş.",KONYA/KPINAR,13162,546,164,1654,1818,2241,424
"ARPA 1.SINIF","İSMAİL HAKAN BALTAOĞLU TARIM ÜRÜNLERİ LİSANSLI DEPOCULUK A.Ş.",KONYA/KPINAR,11732,"KOÇAKER LİDAŞ TARIM ÜRÜNLERİ LİSANSLI DEPOCULUK A.Ş.",KONYA/KARATAY,12319,1,164,4,167,587,420
"MISIR 2.SINIF","ÇELİKOĞULLARI LİDAŞ TARIM ÜRÜNLERİ LİSANSLI DEPOCULUK A.Ş.",DİYARBAKIR/EĞİL,11799,"KOÇAKER LİDAŞ TARIM ÜRÜNLERİ LİSANSLI DEPOCULUK A.Ş.",KONYA/KARATAY,15000,864,164,2619,2782,3201,419
"ARPA 1.SINIF","POLAT AGRO TARIM ÜRÜNLERİ LİSANSLI DEPOCULUK A.Ş.",YOZGAT/BLIYAN,11476,"KAHVECİ AGRO TARIM ÜRÜNLERİ LİSANSLI DEPOCULUK SANAYİ TİCARET A.Ş.",KONYA/SARAYÖNÜ,13196,376,164,1138,1302,1720,418
"BUĞDAY EKMEKLİK KIRMIZI 2.SINIF","ALTINBİLEK TARIM ÜRÜNLERİ LİSANSLI DEPOCULUK A.Ş.",ESKİŞEHİR/ALPU,14417,"SÜPERSON TARIM ÜRÜNLERİ LİSANSLI DEPOCULUK A.Ş.",ANKARA/POLATLI,15405,135,164,408,572,988,416
"BUĞDAY EKMEKLİK KIRMIZI DÜŞÜK VASIFLI","YENİ PAZAR TARIM ÜRÜNLERİ LİSANSLI DEPOCULUK A.Ş.",YOZGAT/BLIYAN,13455,"ANADOLU SELÇUKLU TARIM ÜRÜNLERİ LİSANSLI DEPOCULUK A.Ş.",KONYA/KPINAR,15250,402,164,1219,1383,1795,413
"MISIR 1.SINIF","İSMAİL HAKAN BALTAOĞLU TARIM ÜRÜNLERİ LİSANSLI DEPOCULUK A.Ş.",KONYA/KPINAR,12349,"AVS AGRO TARIM ÜRÜNLERİ LİSANSLI DEPOCULUK A.Ş.",KONYA/ÇUMRA,13091,55,164,166,330,742,412
"BUĞDAY EKMEKLİK BEYAZ 2.SINIF","GRAİN TARIM ÜRÜNLERİ LİSANSLI DEPOCULUK A.Ş.",HATAY/KIRIKHAN,13700,"SARILAR LİDAŞ TARIM ÜRÜNLERİ LİSANSLI DEPOCULUK A.Ş.",ADANA/KİSALI,14696,139,164,422,585,996,410
"ARPA 1.SINIF","HASANOĞULLARI LİDAŞ TARIM ÜRÜNLERİ LİSANSLI DEPOCULUK A.Ş.",AKSARAY/ORTAKÖY,11939,"ANADOLU SELÇUKLU TARIM ÜRÜNLERİ LİSANSLI DEPOCULUK A.Ş.",KONYA/KPINAR,13162,216,164,653,816,1224,407
"ARPA 2.SINIF","KOÇAKER LİDAŞ TARIM ÜRÜNLERİ LİSANSLI DEPOCULUK A.Ş.",KONYA/KARATAY,12473,"ANADOLU SELÇUKLU TARIM ÜRÜNLERİ LİSANSLI DEPOCULUK A.Ş.",KONYA/KARATAY,13036,0,164,0,164,563,399
"MISIR 1.SINIF","İSMAİL HAKAN BALTAOĞLU TARIM ÜRÜNLERİ LİSANSLI DEPOCULUK A.Ş.",KONYA/KPINAR,12349,"BİZİM TARIM ÜRÜNLERİ LİSANSLI DEPOCULUK A.Ş.",KARAMAN/MERKEZ,13524,203,164,614,777,1175,398
"MISIR 1.SINIF","MAKSOY TARIM ÜRÜNLERİ LİSANSLI DEPOCULUK A.Ş.",MERSİN/TARSUS,12373,"ŞİMŞEKLİ TARIM ÜRÜNLERİ LİSANSLI DEPOCULUK SANAYİ VE TİCARET A.Ş.",KONYA/KPINAR,13868,309,164,935,1098,1495,396
"MISIR 1.SINIF","TEKBAŞLAR TARIM ÜRÜNLERİ LİSANSLI DEPOCULUK A.Ş.",ADANA/YÜREĞİR,12726,"TARSUS TİCARET BORSASI TARIM ÜRÜNLERİ LİSANSLI DEPOCULUK A.Ş.",MERSİN/TARSUS,13443,53,164,159,323,717,395
"BUĞDAY EKMEKLİK KIRMIZI 1.SINIF","ESLİDAŞ TARIM ÜRÜNLERİ LİSANSLI DEPOCULUK SANAYİ VE TİCARET A.Ş.",EDİRNE/HAVSA,15837,"ESLİDAŞ TARIM ÜRÜNLERİ LİSANSLI DEPOCULUK SANAYİ VE TİCARET A.Ş.",EDİRNE/UZKÖPRÜ,16497,34,164,102,266,660,394
"MISIR 2.SINIF","TAŞKIRAN LİDAŞ TARIM ÜRÜNLERİ LİSANSLI DEPOCULUK A.Ş.",KONYA/ÇUMRA,12313,"KAİNAT TARIM ÜRÜNLERİ LİSANSLI DEPOCULUK A.Ş.",KARAMAN/MERKEZ,13337,155,164,469,633,1024,391
"MISIR 1.SINIF","İSMAİL HAKAN BALTAOĞLU TARIM ÜRÜNLERİ LİSANSLI DEPOCULUK A.Ş.",KONYA/KPINAR,12349,"TOPRAK TARIM ÜRÜNLERİ LİSANSLI DEPOCULUK A.Ş.",KONYA/ÇUMRA,13068,55,164,166,330,719,390
"BUĞDAY EKMEKLİK BEYAZ 2.SINIF","TEKBAŞLAR TARIM ÜRÜNLERİ LİSANSLI DEPOCULUK A.Ş.",ADANA/YÜREĞİR,14253,"KÖSEOĞLU AGRO TARIM ÜRÜNLERİ LİSANSLI DEPOCULUK A.Ş.",ADANA/YÜREĞİR,14801,0,164,0,164,548,385
"BUĞDAY EKMEKLİK KIRMIZI 1.SINIF","RANA FARM TARIM ÜRÜNLERİ LİSANSLI DEPOCULUK A.Ş.",KARAMAN/MERKEZ,16790,"KOÇAKER LİDAŞ TARIM ÜRÜNLERİ LİSANSLI DEPOCULUK A.Ş.",KONYA/KARATAY,17950,202,164,612,776,1160,384
"BUĞDAY EKMEKLİK KIRMIZI 2.SINIF","ŞİMŞEKLİ TARIM ÜRÜNLERİ LİSANSLI DEPOCULUK SANAYİ VE TİCARET A.Ş.",KONYA/KPINAR,16800,"ANADOLU SELÇUKLU TARIM ÜRÜNLERİ LİSANSLI DEPOCULUK A.Ş.",KONYA/KPINAR,17347,0,164,0,164,547,384
"MISIR 1.SINIF","TOPRAK TARIM ÜRÜNLERİ LİSANSLI DEPOCULUK A.Ş.",KONYA/KHANI,12275,"LARENDE TARIM ÜRÜNLERİ LİSANSLI DEPOCULUK A.Ş.",KARAMAN/MERKEZ,13436,203,164,614,777,1160,383
"MISIR 1.SINIF","TAŞKIRAN LİDAŞ TARIM ÜRÜNLERİ LİSANSLI DEPOCULUK A.Ş.",KONYA/ÇUMRA,12545,"AVS AGRO TARIM ÜRÜNLERİ LİSANSLI DEPOCULUK A.Ş.",KONYA/ÇUMRA,13091,0,164,0,164,546,382
"BUĞDAY EKMEKLİK KIRMIZI 2.SINIF","ESLİDAŞ TARIM ÜRÜNLERİ LİSANSLI DEPOCULUK SANAYİ VE TİCARET A.Ş.",EDİRNE/UZKÖPRÜ,14639,"MYSİLO TARIM ÜRÜNLERİ LİSANSLI DEPOCULUK A.Ş.",KIRKLARELİ/MERKEZ,15401,72,164,219,383,762,380
"BUĞDAY EKMEKLİK KIRMIZI 2.SINIF","KAİNAT TARIM ÜRÜNLERİ LİSANSLI DEPOCULUK A.Ş.",KIRKLARELİ/PHİSAR,14600,"ESLİDAŞ TARIM ÜRÜNLERİ LİSANSLI DEPOCULUK SANAYİ VE TİCARET A.Ş.",EDİRNE/HAVSA,15408,88,164,266,430,808,378
"BUĞDAY EKMEKLİK KIRMIZI 3.SINIF","EDİRNE TARIM ÜRÜNLERİ LİSANSLI DEPOCULUK A.Ş.",EDİRNE/MERKEZ,13907,"LÜLEBURGAZ TARIM ÜRÜNLERİ LİSANSLI DEPOCULUK A.Ş.",KIRKLARELİ/LBURGAZ,14781,113,164,342,506,874,368
"MISIR 1.SINIF","TOPRAK TARIM ÜRÜNLERİ LİSANSLI DEPOCULUK A.Ş.",KONYA/AEKİN,12545,"ANADOLU SELÇUKLU TARIM ÜRÜNLERİ LİSANSLI DEPOCULUK A.Ş.",KONYA/KARATAY,13079,1,164,4,167,534,367
"MISIR 1.SINIF","ANADOLU SELÇUKLU TARIM ÜRÜNLERİ LİSANSLI DEPOCULUK A.Ş.",KONYA/KARATAY,13079,"KAHVECİ AGRO TARIM ÜRÜNLERİ LİSANSLI DEPOCULUK SANAYİ TİCARET A.Ş.",KONYA/SARAYÖNÜ,13780,57,164,172,335,701,365
"MISIR 1.SINIF","SAFİRTAŞ TARIM ÜRÜNLERİ LİSANSLI DEPOCULUK A.Ş.",KAHRAMANMARAŞ/TÜRKOĞLU,12200,"TARSUS TİCARET BORSASI TARIM ÜRÜNLERİ LİSANSLI DEPOCULUK A.Ş.",MERSİN/TARSUS,13443,236,164,715,879,1243,364
"ARPA 1.SINIF","KOÇAKER LİDAŞ TARIM ÜRÜNLERİ LİSANSLI DEPOCULUK A.Ş.",KONYA/KARATAY,12319,"TOPRAK TARIM ÜRÜNLERİ LİSANSLI DEPOCULUK A.Ş.",KONYA/KHANI,12850,1,164,4,167,531,364
"MISIR 1.SINIF","ATB ÇUKUROVA TARIM ÜRÜNLERİ LİSANSLI DEPOCULUK A.Ş.",ADANA/YÜREĞİR,12200,"TEKBAŞLAR TARIM ÜRÜNLERİ LİSANSLI DEPOCULUK A.Ş.",ADANA/YÜREĞİR,12726,0,164,0,164,526,362
"MISIR 1.SINIF","GÖZÜKARA AGRO TARIM ÜRÜNLERİ LİSANSLI DEPOCULUK A.Ş.",ADANA/YÜREĞİR,12200,"TEKBAŞLAR TARIM ÜRÜNLERİ LİSANSLI DEPOCULUK A.Ş.",ADANA/YÜREĞİR,12726,0,164,0,164,526,362
"MISIR 1.SINIF","SAFİRTAŞ TARIM ÜRÜNLERİ LİSANSLI DEPOCULUK A.Ş.",KAHRAMANMARAŞ/TÜRKOĞLU,12200,"ŞİMALA TARIM ÜRÜNLERİ LİSANSLI DEPOCULUK SANAYİ VE TİCARET A.Ş.",KONYA/ÇUMRA,14143,469,164,1419,1583,1943,360
"MISIR 2.SINIF","AŞIROĞULLARI LİDAŞ TARIM ÜRÜNLERİ LİSANSLI DEPOCULUK A.Ş.",KONYA/CBEYLİ,12200,"KAİNAT TARIM ÜRÜNLERİ LİSANSLI DEPOCULUK A.Ş.",KARAMAN/MERKEZ,13337,203,164,614,777,1137,360
"MISIR 1.SINIF","TAŞKIRAN LİDAŞ TARIM ÜRÜNLERİ LİSANSLI DEPOCULUK A.Ş.",KONYA/ÇUMRA,12545,"TOPRAK TARIM ÜRÜNLERİ LİSANSLI DEPOCULUK A.Ş.",KONYA/ÇUMRA,13068,0,164,0,164,523,359
"MISIR 1.SINIF","HİKMET ŞEFLEK TARIM ÜRÜNLERİ LİSANSLI DEPOCULUK A.Ş.",KONYA/SARAYÖNÜ,12241,"AVS AGRO TARIM ÜRÜNLERİ LİSANSLI DEPOCULUK A.Ş.",KONYA/ÇUMRA,13091,108,164,327,491,850,359
"BUĞDAY EKMEKLİK KIRMIZI 2.SINIF","ESLİDAŞ TARIM ÜRÜNLERİ LİSANSLI DEPOCULUK SANAYİ VE TİCARET A.Ş.",EDİRNE/UZKÖPRÜ,14639,"TRAKYA EVREN TARIM ÜRÜNLERİ LİSANSLI DEPOCULUK A.Ş.",TEKİRDAĞ/SPAŞA,15545,127,164,385,548,906,358
"MISIR 2.SINIF","GRAİN TARIM ÜRÜNLERİ LİSANSLI DEPOCULUK A.Ş.",HATAY/KIRIKHAN,12200,"ANADOLU SELÇUKLU TARIM ÜRÜNLERİ LİSANSLI DEPOCULUK A.Ş.",KONYA/ÇUMRA,14055,441,164,1336,1499,1855,355
"MISIR 1.SINIF","İSMAİL HAKAN BALTAOĞLU TARIM ÜRÜNLERİ LİSANSLI DEPOCULUK A.Ş.",KONYA/KPINAR,12349,"KOÇAKER LİDAŞ TARIM ÜRÜNLERİ LİSANSLI DEPOCULUK A.Ş.",KONYA/KARATAY,12870,1,164,4,167,521,354
"BUĞDAY EKMEKLİK KIRMIZI 3.SINIF","ALTINBİLEK TARIM ÜRÜNLERİ LİSANSLI DEPOCULUK A.Ş.",ESKİŞEHİR/ALPU,14700,"ŞİMALA TARIM ÜRÜNLERİ LİSANSLI DEPOCULUK SANAYİ VE TİCARET A.Ş.",KONYA/KARATAY,16200,325,164,984,1148,1500,352
"MISIR 1.SINIF","TAŞKIRAN LİDAŞ TARIM ÜRÜNLERİ LİSANSLI DEPOCULUK A.Ş.",KONYA/ÇUMRA,12545,"BİZİM TARIM ÜRÜNLERİ LİSANSLI DEPOCULUK A.Ş.",KARAMAN/MERKEZ,13524,155,164,469,633,979,346
"BUĞDAY EKMEKLİK KIRMIZI 3.SINIF","ŞİMALA TARIM ÜRÜNLERİ LİSANSLI DEPOCULUK SANAYİ VE TİCARET A.Ş.",KONYA/KARATAY,16200,"ANADOLU SELÇUKLU TARIM ÜRÜNLERİ LİSANSLI DEPOCULUK A.Ş.",KONYA/KPINAR,16710,1,164,4,167,510,343
"BUĞDAY MAKARNALIK DÜŞÜK VASIFLI","BAL TARIM ÜRÜNLERİ LİSANSLI DEPOCULUK A.Ş.",DİYARBAKIR/ÇINAR,15000,"GAP ŞANLIURFA TARIM ÜRÜNLERİ LİSANSLI DEPOCULUK A.Ş.",ŞANLIURFA/EYYÜBİYE,16127,205,164,621,785,1127,342
"MISIR 2.SINIF","BİZİM TARIM ÜRÜNLERİ LİSANSLI DEPOCULUK A.Ş.",KARAMAN/MERKEZ,13191,"RANA FARM TARIM ÜRÜNLERİ LİSANSLI DEPOCULUK A.Ş.",KARAMAN/MERKEZ,13696,0,164,0,164,505,341
"BUĞDAY EKMEKLİK KIRMIZI 1.SINIF","BİZİM TARIM ÜRÜNLERİ LİSANSLI DEPOCULUK A.Ş.",KARAMAN/MERKEZ,16948,"ANADOLU SELÇUKLU TARIM ÜRÜNLERİ LİSANSLI DEPOCULUK A.Ş.",KONYA/KPINAR,18066,203,164,614,777,1118,341
"MISIR 1.SINIF","ÖZEKİZLER AGRO TARIM ÜRÜNLERİ LİSANSLI DEPOCULUK A.Ş.",ADANA/SARIÇAM,12417,"GK LİDAŞ TARIM ÜRÜNLERİ LİSANSLI DEPOCULUK A.Ş.",OSMANİYE/KADİRLİ,13250,109,164,331,495,833,339
"MISIR 1.SINIF","HİKMET ŞEFLEK TARIM ÜRÜNLERİ LİSANSLI DEPOCULUK A.Ş.",KONYA/SARAYÖNÜ,12241,"TOPRAK TARIM ÜRÜNLERİ LİSANSLI DEPOCULUK A.Ş.",KONYA/ÇUMRA,13068,108,164,327,491,827,337
"BUĞDAY EKMEKLİK BEYAZ 2.SINIF","SARILAR LİDAŞ TARIM ÜRÜNLERİ LİSANSLI DEPOCULUK A.Ş.",ADANA/KİSALI,14696,"GÖZÜKARA AGRO TARIM ÜRÜNLERİ LİSANSLI DEPOCULUK A.Ş.",ADANA/YÜREĞİR,15200,2,164,6,169,504,335
"MISIR 1.SINIF","HİKMET ŞEFLEK TARIM ÜRÜNLERİ LİSANSLI DEPOCULUK A.Ş.",KONYA/SARAYÖNÜ,12241,"BİZİM TARIM ÜRÜNLERİ LİSANSLI DEPOCULUK A.Ş.",KARAMAN/MERKEZ,13524,259,164,784,948,1283,335
"BUĞDAY MAKARNALIK 2.SINIF","POLAT AGRO TARIM ÜRÜNLERİ LİSANSLI DEPOCULUK A.Ş.",NEVŞEHİR/KOZAKLI,14000,"MARDİN TARIM ÜRÜNLERİ LİSANSLI DEPOCULUK A.Ş.",MARDİN/KTEPE,16750,743,164,2252,2415,2750,335
"MISIR 1.SINIF","AĞALAR TARIM ÜRÜNLERİ LİSANSLI DEPOCULUK A.Ş.",KONYA/KARATAY,12200,"AYDINLAR AGRO TARIM ÜRÜNLERİ LİSANSLI DEPOCULUK A.Ş.",ADANA/KARATAŞ,13854,382,164,1156,1320,1654,334
"MISIR 2.SINIF","POLER URFA TARIM ÜRÜNLERİ LİSANSLI DEPOCULUK A.Ş.",MARDİN/DERİK,11800,"KOÇAKER LİDAŞ TARIM ÜRÜNLERİ LİSANSLI DEPOCULUK A.Ş.",KONYA/KARATAY,15000,892,164,2702,2866,3200,334
"MISIR 1.SINIF","TAŞKIRAN LİDAŞ TARIM ÜRÜNLERİ LİSANSLI DEPOCULUK A.Ş.",KONYA/ÇUMRA,12545,"ANADOLU SELÇUKLU TARIM ÜRÜNLERİ LİSANSLI DEPOCULUK A.Ş.",KONYA/YUNAK,13648,200,164,607,770,1103,333
"MISIR 1.SINIF","TEAM TARIM ÜRÜNLERİ LİSANSLI DEPOCULUK A.Ş.",KONYA/KPINAR,12200,"AYDINLAR AGRO TARIM ÜRÜNLERİ LİSANSLI DEPOCULUK A.Ş.",ADANA/KARATAŞ,13854,383,164,1160,1323,1654,331
"MISIR 1.SINIF","YUSUF ZENGİN TARIM ÜRÜNLERİ LİSANSLI DEPOCULUK A.Ş.",KONYA/KPINAR,12200,"AYDINLAR AGRO TARIM ÜRÜNLERİ LİSANSLI DEPOCULUK A.Ş.",ADANA/KARATAŞ,13854,383,164,1160,1323,1654,331
"MISIR 1.SINIF","ANADOLU SELÇUKLU TARIM ÜRÜNLERİ LİSANSLI DEPOCULUK A.Ş.",KONYA/KPINAR,12200,"AYDINLAR AGRO TARIM ÜRÜNLERİ LİSANSLI DEPOCULUK A.Ş.",ADANA/KARATAŞ,13854,383,164,1160,1323,1654,331
"MISIR 1.SINIF","NERGİZ AGRO TARIM ÜRÜNLERİ LİSANSLI DEPOCULUK A.Ş.",ADANA/KOZAN,12207,"ŞİMŞEKLİ TARIM ÜRÜNLERİ LİSANSLI DEPOCULUK SANAYİ VE TİCARET A.Ş.",KONYA/KPINAR,13868,385,164,1167,1331,1660,330
"MISIR 2.SINIF","ANADOLU SELÇUKLU TARIM ÜRÜNLERİ LİSANSLI DEPOCULUK A.Ş.",KONYA/KPINAR,12230,"KAİNAT TARIM ÜRÜNLERİ LİSANSLI DEPOCULUK A.Ş.",KARAMAN/MERKEZ,13337,203,164,614,777,1107,329
"BUĞDAY EKMEKLİK KIRMIZI 3.SINIF","RUHBAŞ TARIM ÜRÜNLERİ LİSANSLI DEPOCULUK A.Ş.",KAYSERİ/TALAS,14600,"ŞİMALA TARIM ÜRÜNLERİ LİSANSLI DEPOCULUK SANAYİ VE TİCARET A.Ş.",KONYA/KARATAY,16200,366,164,1107,1271,1600,329
"MISIR 1.SINIF","TEKBAŞLAR TARIM ÜRÜNLERİ LİSANSLI DEPOCULUK A.Ş.",ADANA/YÜREĞİR,12726,"ŞİMALA TARIM ÜRÜNLERİ LİSANSLI DEPOCULUK SANAYİ VE TİCARET A.Ş.",KONYA/ÇUMRA,14143,306,164,926,1090,1418,328
"BUĞDAY EKMEKLİK KIRMIZI 1.SINIF","ANADOLU SELÇUKLU TARIM ÜRÜNLERİ LİSANSLI DEPOCULUK A.Ş.",KONYA/KARATAY,17460,"KOÇAKER LİDAŞ TARIM ÜRÜNLERİ LİSANSLI DEPOCULUK A.Ş.",KONYA/KARATAY,17950,0,164,0,164,490,327
"MISIR 1.SINIF","ATARLAR TARIM ÜRÜNLERİ LİSANSLI DEPOCULUK A.Ş.",AKSARAY/ESKİL,12200,"ANADOLU SELÇUKLU TARIM ÜRÜNLERİ LİSANSLI DEPOCULUK A.Ş.",KONYA/KARATAY,13079,129,164,390,554,879,326
"BUĞDAY EKMEKLİK BEYAZ 2.SINIF","TEKBAŞLAR TARIM ÜRÜNLERİ LİSANSLI DEPOCULUK A.Ş.",ADANA/YÜREĞİR,14253,"KAYA LİDAŞ TARIM ÜRÜNLERİ LİSANSLI DEPOCULUK A.Ş.",MERSİN/TARSUS,14900,53,164,159,323,647,324
"MISIR 1.SINIF","ER MAKİNE TARIM ÜRÜNLERİ LİSANSLI DEPOCULUK A.Ş.",ADANA/KOZAN,12218,"ŞİMŞEKLİ TARIM ÜRÜNLERİ LİSANSLI DEPOCULUK SANAYİ VE TİCARET A.Ş.",KONYA/KPINAR,13868,385,164,1167,1331,1650,319
"BUĞDAY EKMEKLİK KIRMIZI DÜŞÜK VASIFLI","MİLL STAR LİDAŞ TARIM ÜRÜNLERİ LİSANSLI DEPOCULUK A.Ş.",KONYA/ÇELTİK,14226,"ANADOLU SELÇUKLU TARIM ÜRÜNLERİ LİSANSLI DEPOCULUK A.Ş.",KONYA/KPINAR,15250,179,164,542,705,1024,319
"MISIR 1.SINIF","BAĞIŞLAR TARIM ÜRÜNLERİ LİSANSLI DEPOCULUK A.Ş.",ADANA/İMAMOĞLU,12255,"ŞİMŞEKLİ TARIM ÜRÜNLERİ LİSANSLI DEPOCULUK SANAYİ VE TİCARET A.Ş.",KONYA/KPINAR,13868,374,164,1132,1296,1612,316
"BUĞDAY EKMEKLİK KIRMIZI 2.SINIF","EDİRNE TARIM ÜRÜNLERİ LİSANSLI DEPOCULUK A.Ş.",EDİRNE/MERKEZ,14705,"MYSİLO TARIM ÜRÜNLERİ LİSANSLI DEPOCULUK A.Ş.",KIRKLARELİ/MERKEZ,15401,72,164,219,383,696,313
"MISIR 1.SINIF","AL LİDAŞ TARIM ÜRÜNLERİ LİSANSLI DEPOCULUK A.Ş.",KAHRAMANMARAŞ/PAZARCIK,12200,"KÖSEOĞLU AGRO TARIM ÜRÜNLERİ LİSANSLI DEPOCULUK A.Ş.",ADANA/YÜREĞİR,13387,236,164,714,878,1187,310
"MISIR 1.SINIF","NARLI TARIM ÜRÜNLERİ LİSANSLI DEPOCULUK A.Ş.",KAHRAMANMARAŞ/PAZARCIK,12200,"KÖSEOĞLU AGRO TARIM ÜRÜNLERİ LİSANSLI DEPOCULUK A.Ş.",ADANA/YÜREĞİR,13387,236,164,714,878,1187,310
"MISIR 1.SINIF","İSMAİL HAKAN BALTAOĞLU TARIM ÜRÜNLERİ LİSANSLI DEPOCULUK A.Ş.",KONYA/KPINAR,12349,"LARENDE TARIM ÜRÜNLERİ LİSANSLI DEPOCULUK A.Ş.",KARAMAN/MERKEZ,13436,203,164,614,777,1087,310
"BUĞDAY MAKARNALIK DÜŞÜK VASIFLI","CSS LİDAŞ TARIM ÜRÜNLERİ LİSANSLI DEPOCULUK A.Ş.",DİYARBAKIR/ÇINAR,15033,"GAP ŞANLIURFA TARIM ÜRÜNLERİ LİSANSLI DEPOCULUK A.Ş.",ŞANLIURFA/EYYÜBİYE,16127,205,164,621,785,1094,310
"BUĞDAY EKMEKLİK KIRMIZI 2.SINIF","LÜLEBURGAZ TARIM ÜRÜNLERİ LİSANSLI DEPOCULUK A.Ş.",KIRKLARELİ/LBURGAZ,15259,"PTB TARIM ÜRÜNLERİ LİSANSLI DEPOCULUK A.Ş.",ANKARA/POLATLI,17500,584,164,1770,1934,2241,307
"BUĞDAY MAKARNALIK 2.SINIF","KAYSERİ ŞEKER TARIM ÜRÜNLERİ LİSANSLI DEPOCULUK A.Ş.",YOZGAT/BLIYAN,14993,"ESERLER TARIM ÜRÜNLERİ LİSANSLI DEPOCULUK A.Ş.",YOZGAT/ÇANDIR,15700,78,164,236,400,707,307
"MISIR 1.SINIF","ATARLAR TARIM ÜRÜNLERİ LİSANSLI DEPOCULUK A.Ş.",AKSARAY/ESKİL,12200,"BİZİM TARIM ÜRÜNLERİ LİSANSLI DEPOCULUK A.Ş.",KARAMAN/MERKEZ,13524,282,164,854,1017,1324,306
"MISIR 1.SINIF","ATARLAR TARIM ÜRÜNLERİ LİSANSLI DEPOCULUK A.Ş.",AKSARAY/ESKİL,12200,"AVS AGRO TARIM ÜRÜNLERİ LİSANSLI DEPOCULUK A.Ş.",KONYA/ÇUMRA,13091,140,164,423,587,891,304
"ARPA 1.SINIF","POLAT AGRO TARIM ÜRÜNLERİ LİSANSLI DEPOCULUK A.Ş.",YOZGAT/BLIYAN,11476,"ANADOLU SELÇUKLU TARIM ÜRÜNLERİ LİSANSLI DEPOCULUK A.Ş.",KONYA/KPINAR,13162,402,164,1219,1383,1687,304
"BUĞDAY EKMEKLİK KIRMIZI 2.SINIF","SÜPERSON TARIM ÜRÜNLERİ LİSANSLI DEPOCULUK A.Ş.",ANKARA/POLATLI,15405,"TOPRAK TARIM ÜRÜNLERİ LİSANSLI DEPOCULUK A.Ş.",KARAMAN/KKBEKIR,17000,373,164,1131,1294,1595,300
